epoch,time,train/pose_loss,train/kobj_loss,train/cls_loss,train/color_loss,train/size_loss,metrics/precision(B),metrics/recall(B),metrics/mAP50(B),metrics/mAP50-95(B),metrics/precision(P),metrics/recall(P),metrics/mAP50(P),metrics/mAP50-95(P),color_accuracy,acc/color,acc/size,val/pose_loss,val/kobj_loss,val/cls_loss,val/color_loss,val/size_loss,lr/pg0,lr/pg1,lr/pg2
1,76.1419,84.6748,1.19892,231.899,22.5919,8.64011,0,0,0,0,0,0,0,0,0,0,0,72.4483,1.00049,8.83594,7.65284,4.54297,0.0876729,3.08949e-05,3.08949e-05
2,111.171,67.5267,0.9586,7.68068,5.35654,3.09616,0.00361,0.03853,0.00232,0.00072,0.00361,0.03853,0.00232,0.00072,0.70434,0.70434,0,65.2931,0.86431,7.70312,6.29478,3.64631,0.0752042,6.21429e-05,6.21429e-05
3,148.267,59.1963,0.78843,6.53719,4.50956,2.61125,0.01759,0.23181,0.02481,0.01381,0.01759,0.23181,0.02481,0.01381,0.58566,0.58566,0,51.8751,0.57905,6.19336,4.04367,2.57102,0.0627354,9.33828e-05,9.33828e-05
4,184.336,53.2356,0.68138,5.88721,4.11834,2.38028,0.02414,0.27476,0.03236,0.01995,0.02414,0.27476,0.03236,0.01995,0.58165,0.58165,0,46.6582,0.47495,5.46172,3.8485,2.40763,0.0502667,0.000124609,0.000124609
5,221.872,48.3711,0.58376,5.41562,3.81429,2.19561,0.11465,0.13733,0.04822,0.03241,0.11465,0.13733,0.04822,0.03241,0.57495,0.57495,0,41.621,0.38285,4.8793,3.34956,2.15594,0.0377979,0.000155814,0.000155814
6,256.855,44.1628,0.51079,5.05028,3.57841,2.0293,0.1353,0.12475,0.05943,0.04264,0.1353,0.12475,0.05943,0.04264,0.56646,0.56646,0,37.3441,0.31862,4.77578,3.39206,2.11948,0.025329,0.000186994,0.000186994
7,293.437,41.0271,0.46163,4.78671,3.40306,1.89078,0.27338,0.15474,0.0853,0.06664,0.27338,0.15474,0.0853,0.06664,0.56573,0.56573,0,34.1472,0.27439,4.3957,3.08458,1.72881,0.0128602,0.000218141,0.000218141
8,331.397,38.6618,0.42586,4.60775,3.28828,1.78255,0.35399,0.17494,0.10666,0.08399,0.35399,0.17494,0.10666,0.08399,0.59223,0.59223,0,32.4356,0.24983,4.0041,2.84918,1.47967,0.000391295,0.00024925,0.00024925
9,368.401,36.7421,0.3937,4.45354,3.19239,1.70611,0.36573,0.18277,0.13366,0.11223,0.36573,0.18277,0.13366,0.11223,0.57398,0.57398,0,29.8335,0.21647,3.79922,2.7637,1.36609,0.000249484,0.000249484,0.000249484
10,405.839,35.3256,0.37052,4.31951,3.0934,1.63557,0.37401,0.19917,0.14568,0.12269,0.37401,0.19917,0.14568,0.12269,0.58716,0.58716,0,28.6797,0.20613,3.76562,2.6784,1.30446,0.000249346,0.000249346,0.000249346
11,443.578,34.0906,0.35425,4.21428,3.02305,1.57132,0.35167,0.20505,0.15339,0.13154,0.35167,0.20505,0.15339,0.13154,0.5781,0.5781,0,27.6373,0.18791,3.61855,2.65911,1.28727,0.000249193,0.000249193,0.000249193
12,480.929,32.8512,0.3327,4.10398,2.95525,1.51069,0.41635,0.21329,0.16067,0.14006,0.41635,0.21329,0.16067,0.14006,0.59234,0.59234,0,26.1258,0.17222,3.49277,2.50402,1.1497,0.000249024,0.000249024,0.000249024
13,517.428,32.1212,0.32376,4.02811,2.90813,1.46342,0.44058,0.22734,0.18027,0.15828,0.44058,0.22734,0.18027,0.15828,0.58992,0.58992,0,25.2966,0.16275,3.4791,2.48898,1.17077,0.000248839,0.000248839,0.000248839
14,553.659,31.4197,0.31464,3.98551,2.87485,1.43942,0.42382,0.25208,0.20209,0.1761,0.42382,0.25208,0.20209,0.1761,0.57998,0.57998,0,25.1988,0.15847,3.27891,2.41171,1.05201,0.000248638,0.000248638,0.000248638
15,589.811,30.5832,0.29968,3.87513,2.83609,1.37251,0.44131,0.25324,0.20604,0.18265,0.44131,0.25324,0.20604,0.18265,0.56576,0.56576,0,23.9505,0.14723,3.24395,2.44344,1.04199,0.000248421,0.000248421,0.000248421
16,625.371,30.1306,0.29641,3.83224,2.80365,1.36451,0.48129,0.26217,0.21793,0.1913,0.48129,0.26217,0.21793,0.1913,0.58714,0.58714,0,23.9033,0.1443,3.16777,2.38969,1.02751,0.000248188,0.000248188,0.000248188
17,662.763,29.4789,0.28315,3.76405,2.76677,1.3235,0.46397,0.2792,0.2337,0.2082,0.46397,0.2792,0.2337,0.2082,0.60006,0.60006,0,23.0203,0.13564,3.03633,2.29198,0.91857,0.000247939,0.000247939,0.000247939
18,698.138,28.7398,0.27383,3.69223,2.72695,1.2747,0.45191,0.29209,0.24082,0.21333,0.45191,0.29209,0.24082,0.21333,0.60558,0.60558,0,22.6082,0.12895,3.07012,2.2853,0.99884,0.000247674,0.000247674,0.000247674
19,732.14,28.3626,0.26711,3.64147,2.68889,1.24419,0.46069,0.32125,0.26448,0.2352,0.46069,0.32125,0.26448,0.2352,0.60432,0.60432,0,22.3857,0.1259,2.93477,2.22643,0.87524,0.000247393,0.000247393,0.000247393
20,765.407,28.2143,0.26768,3.57568,2.65949,1.22873,0.45289,0.31878,0.29236,0.26591,0.45289,0.31878,0.29236,0.26591,0.59017,0.59017,0,22.1618,0.12429,3.06562,2.36314,0.99345,0.000247096,0.000247096,0.000247096
21,800.26,27.4769,0.2586,3.53575,2.63324,1.20473,0.48328,0.34719,0.31636,0.28748,0.48328,0.34719,0.31636,0.28748,0.61903,0.61903,0,21.4616,0.11613,2.83379,2.17812,0.8227,0.000246784,0.000246784,0.000246784
22,836.888,27.072,0.25054,3.48721,2.5966,1.15256,0.49927,0.35972,0.33451,0.30347,0.49927,0.35972,0.33451,0.30347,0.64672,0.64672,0,21.4286,0.11618,2.83945,2.15066,0.80686,0.000246456,0.000246456,0.000246456
23,873.021,26.839,0.2455,3.42284,2.56338,1.14601,0.51239,0.38106,0.35027,0.32079,0.51239,0.38106,0.35027,0.32079,0.62207,0.62207,0,20.9303,0.11189,2.71016,2.15545,0.79557,0.000246112,0.000246112,0.000246112
24,906.671,26.3804,0.23761,3.3659,2.51901,1.12323,0.53713,0.38365,0.36658,0.33498,0.53713,0.38365,0.36658,0.33498,0.65518,0.65518,0,20.6196,0.10747,2.69316,2.05616,0.77709,0.000245753,0.000245753,0.000245753
25,942.333,26.3224,0.2403,3.34172,2.49604,1.10423,0.53715,0.40457,0.39214,0.36239,0.53715,0.40457,0.39214,0.36239,0.65787,0.65787,0,20.3637,0.10637,2.67129,2.06876,0.75246,0.000245378,0.000245378,0.000245378
26,979.252,25.8178,0.22998,3.283,2.45773,1.06969,0.52848,0.41768,0.3981,0.36588,0.52848,0.41768,0.3981,0.36588,0.67303,0.67303,0,20.1857,0.10449,2.60078,2.03305,0.76889,0.000244987,0.000244987,0.000244987
27,1017.01,25.6469,0.22828,3.23847,2.42466,1.05787,0.55962,0.3873,0.37215,0.34279,0.55962,0.3873,0.37215,0.34279,0.67186,0.67186,0,20.4909,0.10892,2.9082,2.21896,1.00927,0.000244581,0.000244581,0.000244581
28,1053.31,25.4389,0.22814,3.20195,2.39143,1.04166,0.53881,0.45213,0.42574,0.39356,0.53881,0.45213,0.42574,0.39356,0.67438,0.67438,0,19.8121,0.1004,2.51816,1.94957,0.68418,0.00024416,0.00024416,0.00024416
29,1088.09,25.3423,0.22516,3.17589,2.35982,1.02514,0.5737,0.44337,0.44013,0.41147,0.5737,0.44337,0.44013,0.41147,0.6858,0.6858,0,19.4372,0.0974,2.48125,1.91324,0.71067,0.000243723,0.000243723,0.000243723
30,1124.12,24.6148,0.21266,3.10017,2.29995,0.99374,0.59228,0.46644,0.46095,0.42807,0.59228,0.46644,0.46095,0.42807,0.69645,0.69645,0,19.1953,0.09513,2.38906,1.86104,0.6523,0.000243271,0.000243271,0.000243271
31,1159.54,24.8025,0.21841,3.08249,2.26932,0.98229,0.55916,0.48489,0.45889,0.42749,0.55916,0.48489,0.45889,0.42749,0.72393,0.72393,0,19.0317,0.09243,2.3668,1.78704,0.64433,0.000242803,0.000242803,0.000242803
32,1195.98,24.4432,0.21324,3.05787,2.22661,0.96847,0.58395,0.50296,0.49016,0.45618,0.58395,0.50296,0.49016,0.45618,0.71415,0.71415,0,18.7672,0.08927,2.3291,1.72887,0.61106,0.000242321,0.000242321,0.000242321
33,1231.08,24.277,0.21143,3.01287,2.19822,0.96203,0.59685,0.49053,0.48889,0.45686,0.59685,0.49053,0.48889,0.45686,0.74397,0.74397,0,18.5268,0.08757,2.39707,1.72019,0.68377,0.000241823,0.000241823,0.000241823
34,1268.71,24.0478,0.20613,2.99025,2.13543,0.94219,0.57173,0.49388,0.4773,0.44329,0.57173,0.49388,0.4773,0.44329,0.75073,0.75073,0,18.6271,0.0868,2.33574,1.65535,0.63396,0.00024131,0.00024131,0.00024131
35,1302.45,24.0084,0.20769,2.96949,2.08964,0.93926,0.59317,0.50326,0.50471,0.46633,0.59317,0.50326,0.50471,0.46633,0.71886,0.71886,0,18.4072,0.08685,2.27051,1.73298,0.61181,0.000240782,0.000240782,0.000240782
36,1338.51,23.7628,0.20223,2.92562,2.04417,0.92912,0.60706,0.51539,0.51241,0.47466,0.60706,0.51539,0.51241,0.47466,0.76963,0.76963,0,18.2836,0.0842,2.24121,1.54608,0.63061,0.000240239,0.000240239,0.000240239
37,1373.94,23.3167,0.19662,2.88038,1.98437,0.88454,0.61527,0.52124,0.51233,0.47964,0.61527,0.52124,0.51233,0.47964,0.77164,0.77164,0,18.1154,0.0825,2.2041,1.52009,0.58761,0.000239681,0.000239681,0.000239681
38,1409.03,23.4669,0.19648,2.86127,1.94777,0.8864,0.63782,0.50621,0.52645,0.49207,0.63782,0.50621,0.52645,0.49207,0.78807,0.78807,0,18.0774,0.08177,2.25195,1.47367,0.60636,0.000239109,0.000239109,0.000239109
39,1444.49,23.2774,0.19929,2.83489,1.92057,0.87723,0.60521,0.54641,0.53956,0.5009,0.60521,0.54641,0.53956,0.5009,0.79356,0.79356,0,17.7771,0.0771,2.16191,1.44166,0.56293,0.000238521,0.000238521,0.000238521
40,1481.59,23.0888,0.19338,2.77244,1.86079,0.85808,0.61849,0.5404,0.53932,0.5016,0.61849,0.5404,0.53932,0.5016,0.80012,0.80012,0,17.6737,0.0775,2.20449,1.43466,0.6284,0.00023792,0.00023792,0.00023792
41,1517.22,22.8217,0.18627,2.75786,1.80105,0.83628,0.60968,0.54166,0.5294,0.49331,0.60968,0.54166,0.5294,0.49331,0.82097,0.82097,0,17.6994,0.07659,2.24854,1.35364,0.60685,0.000237303,0.000237303,0.000237303
42,1551.51,22.7422,0.18917,2.77252,1.80588,0.85017,0.64646,0.55682,0.56826,0.52935,0.64646,0.55682,0.56826,0.52935,0.8238,0.8238,0,17.217,0.0722,2.04824,1.25905,0.51347,0.000236672,0.000236672,0.000236672
43,1585.18,22.6688,0.18712,2.73945,1.74479,0.84098,0.58038,0.58164,0.552,0.51795,0.58038,0.58164,0.552,0.51795,0.82477,0.82477,0,17.1385,0.072,2.06963,1.22917,0.52125,0.000236027,0.000236027,0.000236027
44,1619.46,22.6788,0.19126,2.71639,1.72848,0.83317,0.66338,0.5746,0.57051,0.53177,0.66338,0.5746,0.57051,0.53177,0.84452,0.84452,0,17.268,0.07199,2.04277,1.17299,0.52279,0.000235367,0.000235367,0.000235367
45,1653.38,22.2613,0.1804,2.68143,1.66462,0.81972,0.65786,0.59056,0.58923,0.55226,0.65786,0.59056,0.58923,0.55226,0.84736,0.84736,0,16.9826,0.06912,2.02744,1.16534,0.51833,0.000234693,0.000234693,0.000234693
46,1688.43,22.3738,0.18767,2.65405,1.65871,0.8057,0.62773,0.56763,0.55868,0.52365,0.62773,0.56763,0.55868,0.52365,0.85422,0.85422,0,17.5056,0.07357,2.13945,1.1913,0.61091,0.000234005,0.000234005,0.000234005
47,1722.65,22.1639,0.18187,2.63447,1.60421,0.8049,0.66764,0.62182,0.61505,0.57831,0.66764,0.62182,0.61505,0.57831,0.86616,0.86616,0,16.6216,0.06523,1.91094,1.06693,0.48774,0.000233303,0.000233303,0.000233303
48,1759.26,22.2425,0.18253,2.63043,1.58354,0.81177,0.6888,0.58695,0.60103,0.56487,0.6888,0.58695,0.60103,0.56487,0.87302,0.87302,0,16.4607,0.06564,1.95674,1.04187,0.50442,0.000232586,0.000232586,0.000232586
49,1795.17,21.968,0.17722,2.59517,1.54263,0.77447,0.66697,0.62112,0.62168,0.58444,0.66697,0.62112,0.62168,0.58444,0.88213,0.88213,0,16.3768,0.06422,1.86553,0.99603,0.45398,0.000231856,0.000231856,0.000231856
50,1830.1,21.8884,0.17522,2.58801,1.49983,0.78107,0.69634,0.59905,0.61246,0.5757,0.69634,0.59905,0.61246,0.5757,0.87993,0.87993,0,16.6621,0.06815,1.93496,1.0091,0.52612,0.000231113,0.000231113,0.000231113
51,1864.27,21.7182,0.17259,2.56321,1.4875,0.77583,0.70682,0.62553,0.63364,0.59816,0.70682,0.62553,0.63364,0.59816,0.88939,0.88939,0,16.1456,0.06216,1.86621,0.95311,0.4646,0.000230355,0.000230355,0.000230355
52,1899.25,21.5993,0.17478,2.51591,1.44629,0.75595,0.68269,0.62584,0.62948,0.59301,0.68269,0.62584,0.62948,0.59301,0.89262,0.89262,0,16.1842,0.06297,1.81758,0.88735,0.44387,0.000229584,0.000229584,0.000229584
53,1934.49,21.4943,0.16918,2.51305,1.40793,0.7509,0.71834,0.61668,0.63026,0.59599,0.71834,0.61668,0.63026,0.59599,0.89597,0.89597,0,16.0934,0.06074,1.81953,0.90474,0.45788,0.000228799,0.000228799,0.000228799
54,1969.47,21.4514,0.16979,2.49047,1.3999,0.7542,0.6936,0.64323,0.64384,0.60834,0.6936,0.64323,0.64384,0.60834,0.90068,0.90068,0,16.0352,0.05916,1.79043,0.87215,0.43742,0.000228002,0.000228002,0.000228002
55,2005.07,21.1645,0.16612,2.459,1.34247,0.74458,0.6999,0.63448,0.64363,0.60784,0.6999,0.63448,0.64363,0.60784,0.89504,0.89504,0,15.8969,0.05964,1.80176,0.85674,0.44376,0.00022719,0.00022719,0.00022719
56,2040.31,21.1573,0.1654,2.46947,1.3406,0.73217,0.68708,0.64139,0.64442,0.60882,0.68708,0.64139,0.64442,0.60882,0.90575,0.90575,0,15.9393,0.05993,1.77285,0.83031,0.42654,0.000226366,0.000226366,0.000226366
57,2074.05,21.0488,0.16277,2.43251,1.32296,0.72345,0.70535,0.64407,0.64963,0.61468,0.70535,0.64407,0.64963,0.61468,0.90472,0.90472,0,15.8209,0.05869,1.77842,0.84684,0.44012,0.000225528,0.000225528,0.000225528
58,2108.07,21.0332,0.16208,2.4335,1.29188,0.73028,0.7178,0.65507,0.66766,0.63214,0.7178,0.65507,0.66766,0.63214,0.90264,0.90264,0,15.6223,0.05721,1.76299,0.82559,0.4317,0.000224678,0.000224678,0.000224678
59,2143.19,20.8619,0.16464,2.41756,1.28337,0.72217,0.73459,0.66105,0.67746,0.64419,0.73459,0.66105,0.67746,0.64419,0.90529,0.90529,0,15.5112,0.05566,1.71318,0.80789,0.41409,0.000223815,0.000223815,0.000223815
60,2178.27,20.7481,0.15843,2.37559,1.25806,0.7124,0.71776,0.6579,0.67532,0.63858,0.71776,0.6579,0.67532,0.63858,0.90708,0.90708,0,15.4854,0.05534,1.68301,0.80252,0.4015,0.000222939,0.000222939,0.000222939
61,2212.02,20.6667,0.15752,2.36881,1.23911,0.70937,0.72554,0.6693,0.68428,0.64784,0.72554,0.6693,0.68428,0.64784,0.92263,0.92263,0,15.5721,0.05511,1.68066,0.75207,0.40097,0.00022205,0.00022205,0.00022205
62,2245.72,20.6819,0.16054,2.37917,1.26015,0.71586,0.72274,0.67138,0.67922,0.64218,0.72274,0.67138,0.67922,0.64218,0.91923,0.91923,0,15.3742,0.05492,1.64932,0.75148,0.40507,0.000221149,0.000221149,0.000221149
63,2280.16,20.7193,0.1614,2.35655,1.21616,0.70094,0.73549,0.66366,0.68374,0.64878,0.73549,0.66366,0.68374,0.64878,0.91521,0.91521,0,15.2864,0.05367,1.64365,0.72391,0.39867,0.000220235,0.000220235,0.000220235
64,2315.92,20.557,0.15436,2.33559,1.19844,0.69309,0.73681,0.67582,0.69361,0.65934,0.73681,0.67582,0.69361,0.65934,0.91863,0.91863,0,15.2791,0.05377,1.63809,0.71783,0.3939,0.00021931,0.00021931,0.00021931
65,2351.22,20.3787,0.15275,2.31104,1.17484,0.67878,0.7377,0.67366,0.69803,0.66397,0.7377,0.67366,0.69803,0.66397,0.92945,0.92945,0,15.1114,0.05209,1.60967,0.69568,0.38426,0.000218372,0.000218372,0.000218372
66,2384.43,20.3359,0.1533,2.30809,1.17231,0.69177,0.74905,0.67885,0.71153,0.675,0.74905,0.67885,0.71153,0.675,0.92094,0.92094,0,15.0624,0.05136,1.59766,0.69028,0.36981,0.000217422,0.000217422,0.000217422
67,2419.44,20.3827,0.15807,2.28413,1.14993,0.67906,0.75385,0.6904,0.71379,0.67944,0.75385,0.6904,0.71379,0.67944,0.93012,0.93012,0,15.0015,0.05044,1.6043,0.68445,0.38016,0.00021646,0.00021646,0.00021646
68,2455.44,20.2702,0.15144,2.28761,1.13467,0.67429,0.75457,0.69209,0.72264,0.68737,0.75457,0.69209,0.72264,0.68737,0.93016,0.93016,0,14.9899,0.05146,1.59932,0.68376,0.38096,0.000215486,0.000215486,0.000215486
69,2490.84,20.3597,0.15624,2.24306,1.1152,0.65829,0.7577,0.68532,0.71916,0.68634,0.7577,0.68532,0.71916,0.68634,0.92941,0.92941,0,14.9163,0.05059,1.56592,0.64606,0.37443,0.000214501,0.000214501,0.000214501
70,2526.33,19.886,0.14588,2.25441,1.11338,0.65754,0.75621,0.68499,0.71646,0.68182,0.75621,0.68499,0.71646,0.68182,0.9251,0.9251,0,14.9424,0.05042,1.60566,0.70734,0.38303,0.000213504,0.000213504,0.000213504
71,2559.69,20.0231,0.14709,2.237,1.08717,0.65387,0.73914,0.69922,0.72202,0.68807,0.73914,0.69922,0.72202,0.68807,0.93422,0.93422,0,14.7501,0.04899,1.53799,0.62898,0.36241,0.000212496,0.000212496,0.000212496
72,2595.28,19.8874,0.15,2.21208,1.09675,0.64889,0.74679,0.69846,0.72293,0.69016,0.74679,0.69846,0.72293,0.69016,0.93366,0.93366,0,14.8798,0.04987,1.55303,0.65087,0.366,0.000211477,0.000211477,0.000211477
73,2630.37,19.7708,0.15017,2.22486,1.06531,0.6541,0.7697,0.69405,0.73683,0.70544,0.7697,0.69405,0.73683,0.70544,0.93246,0.93246,0,14.6771,0.04851,1.53506,0.62929,0.35324,0.000210446,0.000210446,0.000210446
74,2663.19,19.7305,0.14815,2.19793,1.06971,0.64844,0.77598,0.70876,0.7404,0.70747,0.77598,0.70876,0.7404,0.70747,0.93545,0.93545,0,14.5982,0.04731,1.51025,0.6238,0.35358,0.000209405,0.000209405,0.000209405
75,2696.66,19.7926,0.14819,2.18825,1.04318,0.63891,0.77814,0.71462,0.74843,0.71649,0.77814,0.71462,0.74843,0.71649,0.93306,0.93306,0,14.5746,0.04738,1.49736,0.61392,0.34338,0.000208352,0.000208352,0.000208352
76,2731.61,19.6745,0.14546,2.17406,1.05597,0.6361,0.76533,0.70119,0.73338,0.70215,0.76533,0.70119,0.73338,0.70215,0.93744,0.93744,0,14.577,0.04689,1.53838,0.62228,0.36003,0.000207289,0.000207289,0.000207289
77,2764.47,19.4101,0.14228,2.15699,1.03616,0.62514,0.76555,0.71132,0.74372,0.71461,0.76555,0.71132,0.74372,0.71461,0.93682,0.93682,0,14.5837,0.04659,1.50996,0.60883,0.35479,0.000206215,0.000206215,0.000206215
78,2799.51,19.5166,0.14554,2.14615,1.04501,0.63219,0.77285,0.71672,0.74698,0.71542,0.77285,0.71672,0.74698,0.71542,0.94446,0.94446,0,14.5073,0.04666,1.46816,0.59562,0.34358,0.000205131,0.000205131,0.000205131
79,2834.96,19.4449,0.14056,2.14781,1.01915,0.61752,0.74755,0.72928,0.74929,0.71689,0.74755,0.72928,0.74929,0.71689,0.93737,0.93737,0,14.3619,0.04551,1.47354,0.60509,0.34967,0.000204037,0.000204037,0.000204037
80,2870.45,19.5012,0.14209,2.14038,1.01378,0.62073,0.76664,0.72155,0.74611,0.71346,0.76664,0.72155,0.74611,0.71346,0.94098,0.94098,0,14.4013,0.04514,1.48848,0.59467,0.3523,0.000202932,0.000202932,0.000202932
81,2905.66,19.3309,0.14283,2.12464,1.01058,0.61972,0.78098,0.70901,0.75158,0.72101,0.78098,0.70901,0.75158,0.72101,0.94518,0.94518,0,14.3381,0.04529,1.45576,0.57961,0.33268,0.000201818,0.000201818,0.000201818
82,2940.5,19.2838,0.14155,2.11443,0.99647,0.60312,0.78617,0.72597,0.76755,0.73631,0.78617,0.72597,0.76755,0.73631,0.94208,0.94208,0,14.1629,0.0441,1.44795,0.58257,0.33362,0.000200693,0.000200693,0.000200693
83,2975.56,19.3569,0.14206,2.10352,0.99717,0.61081,0.7928,0.73054,0.76924,0.73911,0.7928,0.73054,0.76924,0.73911,0.94257,0.94257,0,14.2063,0.0438,1.42451,0.57188,0.31791,0.000199559,0.000199559,0.000199559
84,3009.67,19.1255,0.13755,2.10262,0.97515,0.60512,0.79192,0.71025,0.75683,0.72778,0.79192,0.71025,0.75683,0.72778,0.9435,0.9435,0,14.1599,0.04302,1.446,0.57064,0.33914,0.000198415,0.000198415,0.000198415
85,3043.3,19.0532,0.13843,2.08145,0.98491,0.60725,0.78303,0.71981,0.76456,0.73485,0.78303,0.71981,0.76456,0.73485,0.94839,0.94839,0,14.1447,0.04371,1.40693,0.5544,0.3188,0.000197262,0.000197262,0.000197262
86,3077.39,19.1425,0.14043,2.08784,0.96115,0.59961,0.78502,0.72767,0.76303,0.73303,0.78502,0.72767,0.76303,0.73303,0.94396,0.94396,0,14.1907,0.0444,1.41279,0.57153,0.32918,0.0001961,0.0001961,0.0001961
87,3112.09,19.1419,0.13518,2.06591,0.96375,0.60113,0.77567,0.73658,0.76936,0.7379,0.77567,0.73658,0.76936,0.7379,0.94571,0.94571,0,14.0953,0.0428,1.42676,0.55048,0.33559,0.000194928,0.000194928,0.000194928
88,3146.43,18.9602,0.13648,2.05198,0.97006,0.59643,0.79602,0.72438,0.77604,0.74572,0.79602,0.72438,0.77604,0.74572,0.94556,0.94556,0,13.9673,0.04255,1.41387,0.55129,0.32645,0.000193748,0.000193748,0.000193748
89,3179.55,18.8618,0.13344,2.04562,0.94875,0.59442,0.78252,0.73769,0.77855,0.74844,0.78252,0.73769,0.77855,0.74844,0.94772,0.94772,0,13.9274,0.04229,1.38594,0.54113,0.31751,0.000192559,0.000192559,0.000192559
90,3214.72,19.0099,0.13586,2.0596,0.95021,0.58908,0.79216,0.73807,0.7734,0.74497,0.79216,0.73807,0.7734,0.74497,0.95149,0.95149,0,13.9337,0.04163,1.38281,0.53664,0.32405,0.000191361,0.000191361,0.000191361
91,3249.59,18.8721,0.13683,2.04281,0.93456,0.58926,0.78114,0.7343,0.77092,0.74157,0.78114,0.7343,0.77092,0.74157,0.94759,0.94759,0,13.9456,0.04183,1.38975,0.5335,0.31559,0.000190154,0.000190154,0.000190154
92,3283.01,18.9269,0.1364,2.0483,0.93878,0.58742,0.78059,0.76181,0.78697,0.75852,0.78059,0.76181,0.78697,0.75852,0.94434,0.94434,0,13.8245,0.04161,1.35566,0.53957,0.30963,0.000188939,0.000188939,0.000188939
93,3315.81,18.855,0.13612,2.03824,0.93142,0.586,0.78381,0.75655,0.78676,0.7582,0.78381,0.75655,0.78676,0.7582,0.94614,0.94614,0,13.79,0.04122,1.34951,0.52659,0.30853,0.000187716,0.000187716,0.000187716
94,3350.92,18.6545,0.13146,2.00862,0.91197,0.57915,0.79728,0.73344,0.77421,0.74693,0.79728,0.73344,0.77421,0.74693,0.94991,0.94991,0,13.7896,0.04096,1.36025,0.52297,0.30987,0.000186485,0.000186485,0.000186485
95,3385.1,18.6776,0.13212,2.01145,0.91348,0.56472,0.78712,0.75401,0.78089,0.7541,0.78712,0.75401,0.78089,0.7541,0.94822,0.94822,0,13.7425,0.04034,1.33491,0.5181,0.30118,0.000185247,0.000185247,0.000185247
96,3419.74,18.5846,0.13162,2.01115,0.90943,0.57619,0.79565,0.73755,0.77685,0.74838,0.79565,0.73755,0.77685,0.74838,0.94934,0.94934,0,13.7425,0.03988,1.33481,0.51653,0.30414,0.000184,0.000184,0.000184
97,3454.97,18.5941,0.12915,1.9803,0.90643,0.5677,0.78489,0.74772,0.78226,0.75344,0.78489,0.74772,0.78226,0.75344,0.94899,0.94899,0,13.674,0.04009,1.34526,0.5083,0.30671,0.000182746,0.000182746,0.000182746
98,3489.17,18.4972,0.13286,1.98707,0.90214,0.57028,0.78996,0.75522,0.78673,0.75787,0.78996,0.75522,0.78673,0.75787,0.94988,0.94988,0,13.64,0.04012,1.33555,0.51751,0.31052,0.000181485,0.000181485,0.000181485
99,3521.98,18.4831,0.13305,1.98596,0.89353,0.56805,0.81281,0.73364,0.78774,0.75905,0.81281,0.73364,0.78774,0.75905,0.95077,0.95077,0,13.6659,0.03996,1.32183,0.50502,0.30155,0.000180216,0.000180216,0.000180216
100,3556.58,18.362,0.12859,1.96821,0.88088,0.55983,0.79902,0.74766,0.79165,0.76304,0.79902,0.74766,0.79165,0.76304,0.95502,0.95502,0,13.5741,0.03935,1.30913,0.50084,0.29631,0.00017894,0.00017894,0.00017894
101,3591.65,18.2542,0.12539,1.94525,0.86757,0.55638,0.80322,0.74289,0.78965,0.76185,0.80322,0.74289,0.78965,0.76185,0.95149,0.95149,0,13.5704,0.03945,1.30742,0.49493,0.29939,0.000177658,0.000177658,0.000177658
102,3624.48,18.4626,0.12981,1.95376,0.87623,0.55733,0.81139,0.74003,0.79229,0.76464,0.81139,0.74003,0.79229,0.76464,0.95121,0.95121,0,13.579,0.03923,1.30444,0.49921,0.2923,0.000176368,0.000176368,0.000176368
103,3657.82,18.4062,0.12679,1.9387,0.87269,0.55328,0.80241,0.75577,0.795,0.76634,0.80241,0.75577,0.795,0.76634,0.95046,0.95046,0,13.4984,0.03878,1.2936,0.50199,0.29502,0.000175072,0.000175072,0.000175072
104,3690.91,18.3088,0.12797,1.93197,0.87745,0.55431,0.80268,0.75351,0.79721,0.76932,0.80268,0.75351,0.79721,0.76932,0.9545,0.9545,0,13.4604,0.03836,1.29233,0.49739,0.29158,0.00017377,0.00017377,0.00017377
105,3724.77,18.359,0.12578,1.92394,0.86637,0.55631,0.80644,0.73609,0.79088,0.76245,0.80644,0.73609,0.79088,0.76245,0.95607,0.95607,0,13.4984,0.03818,1.31582,0.49573,0.30203,0.000172462,0.000172462,0.000172462
106,3758.56,18.2984,0.12851,1.93367,0.86878,0.55521,0.81195,0.74182,0.79636,0.76865,0.81195,0.74182,0.79636,0.76865,0.95286,0.95286,0,13.4354,0.03784,1.28857,0.49987,0.2957,0.000171147,0.000171147,0.000171147
107,3793.53,18.3121,0.12829,1.92912,0.87727,0.55627,0.80086,0.75431,0.79632,0.76912,0.80086,0.75431,0.79632,0.76912,0.95626,0.95626,0,13.4164,0.03767,1.27793,0.49385,0.29365,0.000169827,0.000169827,0.000169827
108,3828.97,18.1661,0.12703,1.92165,0.85398,0.55351,0.80339,0.75764,0.80033,0.77351,0.80339,0.75764,0.80033,0.77351,0.95379,0.95379,0,13.3432,0.03734,1.26973,0.48527,0.28974,0.000168501,0.000168501,0.000168501
109,3862.22,18.0457,0.12487,1.9074,0.85342,0.54355,0.80785,0.75017,0.80267,0.77588,0.80785,0.75017,0.80267,0.77588,0.95666,0.95666,0,13.3365,0.03721,1.26357,0.48495,0.28788,0.00016717,0.00016717,0.00016717
110,3896.93,18.1773,0.12831,1.90364,0.85808,0.54735,0.80722,0.76445,0.80429,0.77703,0.80722,0.76445,0.80429,0.77703,0.95608,0.95608,0,13.2818,0.03674,1.25669,0.48397,0.28777,0.000165833,0.000165833,0.000165833
111,3932.37,18.0252,0.12531,1.88153,0.83213,0.54807,0.79984,0.76609,0.8088,0.78187,0.79984,0.76609,0.8088,0.78187,0.95414,0.95414,0,13.2248,0.03602,1.24443,0.47332,0.27861,0.000164491,0.000164491,0.000164491
112,3966.07,17.9981,0.12035,1.90302,0.84013,0.53788,0.79873,0.76252,0.81101,0.78282,0.79873,0.76252,0.81101,0.78282,0.95732,0.95732,0,13.2155,0.03618,1.24219,0.46717,0.27673,0.000163144,0.000163144,0.000163144
113,3999.74,17.829,0.12152,1.87788,0.81907,0.53488,0.8182,0.75567,0.80998,0.78261,0.8182,0.75567,0.80998,0.78261,0.95819,0.95819,0,13.187,0.0359,1.24023,0.46807,0.27905,0.000161792,0.000161792,0.000161792
114,4032.32,17.9226,0.12384,1.87239,0.81715,0.52736,0.81918,0.76396,0.81509,0.78804,0.81918,0.76396,0.81509,0.78804,0.95743,0.95743,0,13.1655,0.03585,1.23921,0.47013,0.28095,0.000160436,0.000160436,0.000160436
115,4066.57,18.0267,0.12304,1.87844,0.83732,0.54209,0.80855,0.76762,0.81434,0.78744,0.80855,0.76762,0.81434,0.78744,0.95829,0.95829,0,13.1386,0.03558,1.24014,0.46554,0.2813,0.000159075,0.000159075,0.000159075
116,4102.49,17.9294,0.12487,1.87054,0.82894,0.53963,0.80047,0.7706,0.81419,0.78662,0.80047,0.7706,0.81419,0.78662,0.95568,0.95568,0,13.1313,0.03557,1.23174,0.46895,0.27922,0.00015771,0.00015771,0.00015771
117,4136.12,17.8566,0.12454,1.84882,0.8134,0.5255,0.80325,0.77107,0.81765,0.78987,0.80325,0.77107,0.81765,0.78987,0.95829,0.95829,0,13.1123,0.03542,1.22656,0.46506,0.27522,0.00015634,0.00015634,0.00015634
118,4169.73,17.8483,0.12357,1.86043,0.82382,0.53769,0.79258,0.78218,0.81621,0.78883,0.79258,0.78218,0.81621,0.78883,0.95967,0.95967,0,13.1114,0.03535,1.22505,0.46052,0.27468,0.000154967,0.000154967,0.000154967
119,4203.66,17.8279,0.12292,1.8515,0.81714,0.53348,0.80402,0.77192,0.81572,0.78906,0.80402,0.77192,0.81572,0.78906,0.96063,0.96063,0,13.0908,0.03531,1.21792,0.45667,0.27265,0.00015359,0.00015359,0.00015359
120,4236.93,17.8143,0.1226,1.8412,0.7859,0.52719,0.81716,0.76494,0.8168,0.79022,0.81716,0.76494,0.8168,0.79022,0.96031,0.96031,0,13.0743,0.03488,1.22446,0.45511,0.27637,0.000152209,0.000152209,0.000152209
121,4270.94,17.7817,0.12166,1.84233,0.80944,0.52737,0.8063,0.77452,0.81662,0.79019,0.8063,0.77452,0.81662,0.79019,0.96076,0.96076,0,13.0623,0.03471,1.2209,0.45909,0.27696,0.000150826,0.000150826,0.000150826
122,4305.11,17.7781,0.1226,1.84991,0.81747,0.53032,0.81371,0.77472,0.82097,0.79416,0.81371,0.77472,0.82097,0.79416,0.9609,0.9609,0,13.0344,0.03454,1.2144,0.45321,0.27324,0.000149438,0.000149438,0.000149438
123,4339.17,17.6091,0.11806,1.84724,0.80885,0.52254,0.81594,0.77458,0.82265,0.79662,0.81594,0.77458,0.82265,0.79662,0.95955,0.95955,0,13.0094,0.03435,1.2042,0.45265,0.27203,0.000148048,0.000148048,0.000148048
124,4371.34,17.5466,0.11945,1.82736,0.79268,0.51989,0.82358,0.77297,0.82286,0.79592,0.82358,0.77297,0.82286,0.79592,0.96114,0.96114,0,12.9909,0.03431,1.20244,0.45025,0.26964,0.000146655,0.000146655,0.000146655
125,4404.04,17.5398,0.11883,1.81451,0.79773,0.51174,0.82555,0.77445,0.82474,0.79851,0.82555,0.77445,0.82474,0.79851,0.95768,0.95768,0,12.9838,0.03427,1.19927,0.45033,0.2723,0.00014526,0.00014526,0.00014526
126,4436.8,17.7059,0.12012,1.81898,0.779,0.51897,0.82453,0.77546,0.82285,0.79662,0.82453,0.77546,0.82285,0.79662,0.95875,0.95875,0,12.9604,0.0341,1.19541,0.44994,0.26925,0.000143861,0.000143861,0.000143861
127,4470.35,17.6383,0.12053,1.80729,0.79695,0.51615,0.82594,0.77925,0.82665,0.80092,0.82594,0.77925,0.82665,0.80092,0.96071,0.96071,0,12.9491,0.03393,1.19014,0.44532,0.26808,0.000142461,0.000142461,0.000142461
128,4504.85,17.6485,0.12213,1.82756,0.79319,0.51636,0.81186,0.78229,0.82438,0.79831,0.81186,0.78229,0.82438,0.79831,0.96078,0.96078,0,12.9264,0.03377,1.18711,0.4453,0.26879,0.000141058,0.000141058,0.000141058
129,4540.2,17.4402,0.11605,1.79183,0.79438,0.51331,0.8267,0.77424,0.82764,0.80163,0.8267,0.77424,0.82764,0.80163,0.96143,0.96143,0,12.9142,0.0337,1.18569,0.44382,0.26791,0.000139654,0.000139654,0.000139654
130,4575.27,17.4867,0.11793,1.80912,0.79449,0.51212,0.82089,0.78117,0.82699,0.801,0.82089,0.78117,0.82699,0.801,0.96139,0.96139,0,12.904,0.03375,1.18306,0.44159,0.26629,0.000138248,0.000138248,0.000138248
131,4609.28,17.3208,0.11234,1.77389,0.75667,0.49486,0.82728,0.77311,0.82843,0.80251,0.82728,0.77311,0.82843,0.80251,0.9629,0.9629,0,12.8856,0.03373,1.18022,0.4412,0.26587,0.00013684,0.00013684,0.00013684
132,4641.28,17.5232,0.1181,1.79584,0.77556,0.51015,0.82551,0.78031,0.82946,0.80331,0.82551,0.78031,0.82946,0.80331,0.96162,0.96162,0,12.8679,0.03349,1.17593,0.43911,0.26395,0.000135431,0.000135431,0.000135431
133,4675.63,17.5612,0.11834,1.78654,0.77771,0.50315,0.82699,0.77941,0.83108,0.80411,0.82699,0.77941,0.83108,0.80411,0.96514,0.96514,0,12.8476,0.03317,1.17104,0.43743,0.26339,0.00013402,0.00013402,0.00013402
134,4710.68,17.2828,0.11489,1.77129,0.75906,0.49926,0.81315,0.7891,0.83191,0.80536,0.81315,0.7891,0.83191,0.80536,0.96448,0.96448,0,12.8485,0.03321,1.17061,0.43973,0.26513,0.000132609,0.000132609,0.000132609
135,4743.68,17.3828,0.11883,1.79655,0.77407,0.50912,0.82084,0.78549,0.83138,0.80556,0.82084,0.78549,0.83138,0.80556,0.96331,0.96331,0,12.8281,0.03313,1.16299,0.43621,0.26309,0.000131197,0.000131197,0.000131197
136,4778.57,17.3906,0.11358,1.77631,0.76641,0.49861,0.81962,0.78835,0.8322,0.80645,0.81962,0.78835,0.8322,0.80645,0.96345,0.96345,0,12.8201,0.03298,1.15825,0.43426,0.26102,0.000129784,0.000129784,0.000129784
137,4811.9,17.295,0.11693,1.75946,0.76214,0.49213,0.82796,0.78308,0.83281,0.80702,0.82796,0.78308,0.83281,0.80702,0.96509,0.96509,0,12.8057,0.03279,1.15723,0.43062,0.25998,0.00012837,0.00012837,0.00012837
138,4846.28,17.4215,0.11852,1.78707,0.77097,0.5053,0.82285,0.78789,0.83341,0.80745,0.82285,0.78789,0.83341,0.80745,0.96523,0.96523,0,12.8016,0.03274,1.15474,0.43057,0.25957,0.000126957,0.000126957,0.000126957
139,4879.88,17.1023,0.11045,1.76961,0.75021,0.49815,0.81772,0.79704,0.8334,0.80774,0.81772,0.79704,0.8334,0.80774,0.96467,0.96467,0,12.7811,0.03262,1.15,0.42896,0.2577,0.000125543,0.000125543,0.000125543
140,4913.39,17.2305,0.11354,1.76397,0.76131,0.49637,0.83037,0.78391,0.83289,0.80754,0.83037,0.78391,0.83289,0.80754,0.96526,0.96526,0,12.7569,0.03244,1.15093,0.42901,0.25791,0.00012413,0.00012413,0.00012413
141,4948.34,17.2359,0.11718,1.77694,0.77077,0.50434,0.82617,0.78938,0.83527,0.80952,0.82617,0.78938,0.83527,0.80952,0.96375,0.96375,0,12.7407,0.0323,1.14658,0.42603,0.2565,0.000122716,0.000122716,0.000122716
142,4983.39,17.2041,0.11496,1.75956,0.75841,0.49797,0.82709,0.78975,0.83634,0.81067,0.82709,0.78975,0.83634,0.81067,0.96399,0.96399,0,12.7302,0.03223,1.14316,0.42554,0.25504,0.000121303,0.000121303,0.000121303
143,5017.38,17.0814,0.11137,1.73641,0.73536,0.48005,0.8278,0.78761,0.83594,0.81086,0.8278,0.78761,0.83594,0.81086,0.96331,0.96331,0,12.7105,0.03212,1.14219,0.42479,0.25515,0.000119891,0.000119891,0.000119891
144,5052,17.0888,0.11235,1.73692,0.7496,0.48919,0.82875,0.7874,0.83607,0.81143,0.82875,0.7874,0.83607,0.81143,0.96301,0.96301,0,12.6923,0.03199,1.13799,0.42364,0.2544,0.00011848,0.00011848,0.00011848
145,5086.12,17.1487,0.11438,1.75438,0.75629,0.49543,0.82978,0.78894,0.83749,0.81269,0.82978,0.78894,0.83749,0.81269,0.96495,0.96495,0,12.6912,0.03197,1.13745,0.42308,0.25542,0.000117069,0.000117069,0.000117069
146,5119,17.051,0.11384,1.73321,0.73351,0.48453,0.83585,0.78649,0.83983,0.81484,0.83585,0.78649,0.83983,0.81484,0.96529,0.96529,0,12.6837,0.03195,1.13706,0.42233,0.25549,0.00011566,0.00011566,0.00011566
147,5153.75,17.0273,0.11193,1.7166,0.73148,0.4777,0.83285,0.78905,0.8382,0.81363,0.83285,0.78905,0.8382,0.81363,0.96606,0.96606,0,12.6654,0.03179,1.13467,0.42055,0.25459,0.000114252,0.000114252,0.000114252
148,5187.7,16.9349,0.10883,1.73516,0.74731,0.48704,0.84316,0.78266,0.83915,0.81455,0.84316,0.78266,0.83915,0.81455,0.96573,0.96573,0,12.65,0.03164,1.13135,0.42039,0.25427,0.000112846,0.000112846,0.000112846
149,5221.6,16.9775,0.10909,1.7221,0.73382,0.48075,0.84677,0.78406,0.84043,0.8158,0.84677,0.78406,0.84043,0.8158,0.96426,0.96426,0,12.6422,0.03166,1.13008,0.42003,0.25433,0.000111442,0.000111442,0.000111442
150,5255.56,16.9352,0.11083,1.73223,0.75057,0.48503,0.84656,0.7871,0.84073,0.81642,0.84656,0.7871,0.84073,0.81642,0.96534,0.96534,0,12.634,0.03159,1.12798,0.41996,0.25459,0.000110039,0.000110039,0.000110039
151,5290.72,17.0103,0.11109,1.70523,0.7248,0.48116,0.84618,0.78869,0.84221,0.81758,0.84618,0.78869,0.84221,0.81758,0.9656,0.9656,0,12.6269,0.0315,1.12603,0.42053,0.2545,0.000108639,0.000108639,0.000108639
152,5324.92,17.0539,0.11445,1.718,0.72934,0.48332,0.85104,0.78049,0.84,0.81586,0.85104,0.78049,0.84,0.81586,0.96648,0.96648,0,12.6124,0.03137,1.1231,0.41786,0.25276,0.00010724,0.00010724,0.00010724
153,5358.91,16.922,0.1099,1.7155,0.73107,0.47999,0.84228,0.78807,0.8419,0.81783,0.84228,0.78807,0.8419,0.81783,0.96567,0.96567,0,12.6103,0.03129,1.12212,0.41893,0.2536,0.000105845,0.000105845,0.000105845
154,5392.04,16.9302,0.11184,1.7207,0.72811,0.48314,0.84813,0.78373,0.84043,0.81664,0.84813,0.78373,0.84043,0.81664,0.96675,0.96675,0,12.5947,0.03119,1.11885,0.41634,0.25201,0.000104452,0.000104452,0.000104452
155,5425.39,16.9616,0.11183,1.69621,0.73466,0.48166,0.84628,0.78462,0.84184,0.81778,0.84628,0.78462,0.84184,0.81778,0.96615,0.96615,0,12.5836,0.03108,1.11719,0.41623,0.25182,0.000103062,0.000103062,0.000103062
156,5460.01,16.8251,0.11123,1.70923,0.7243,0.47957,0.83811,0.79206,0.84245,0.81823,0.83811,0.79206,0.84245,0.81823,0.96608,0.96608,0,12.5807,0.03115,1.11587,0.41578,0.25184,0.000101674,0.000101674,0.000101674
157,5495.17,17.035,0.11212,1.68543,0.71439,0.4707,0.8447,0.7885,0.84287,0.81894,0.8447,0.7885,0.84287,0.81894,0.96646,0.96646,0,12.57,0.03108,1.11353,0.41404,0.25136,0.000100291,0.000100291,0.000100291
158,5530.27,16.7025,0.10807,1.68368,0.70591,0.46519,0.8525,0.78271,0.84235,0.81833,0.8525,0.78271,0.84235,0.81833,0.96712,0.96712,0,12.5612,0.03101,1.11191,0.41207,0.25057,9.891e-05,9.891e-05,9.891e-05
159,5563.84,16.9599,0.11473,1.7171,0.72679,0.48043,0.85152,0.78359,0.8428,0.81932,0.85152,0.78359,0.8428,0.81932,0.96734,0.96734,0,12.5517,0.03095,1.10986,0.41157,0.25019,9.7533e-05,9.7533e-05,9.7533e-05
160,5597.94,16.8535,0.11099,1.70266,0.72782,0.47916,0.85813,0.78018,0.84227,0.81879,0.85813,0.78018,0.84227,0.81879,0.96713,0.96713,0,12.536,0.03078,1.10874,0.41036,0.24943,9.61598e-05,9.61598e-05,9.61598e-05
161,5632.3,16.7608,0.11191,1.6985,0.72114,0.47571,0.85876,0.77935,0.84286,0.81917,0.85876,0.77935,0.84286,0.81917,0.96707,0.96707,0,12.5246,0.03069,1.1083,0.40971,0.24908,9.47905e-05,9.47905e-05,9.47905e-05
162,5666.15,16.8196,0.11166,1.69675,0.72874,0.47922,0.86077,0.77912,0.84422,0.82035,0.86077,0.77912,0.84422,0.82035,0.96712,0.96712,0,12.5207,0.03071,1.1063,0.40875,0.24814,9.34253e-05,9.34253e-05,9.34253e-05
163,5699.57,16.8576,0.10802,1.68408,0.71932,0.47037,0.85948,0.78068,0.84555,0.82229,0.85948,0.78068,0.84555,0.82229,0.96708,0.96708,0,12.5117,0.03063,1.10532,0.40794,0.24819,9.20644e-05,9.20644e-05,9.20644e-05
164,5732.34,16.8378,0.11168,1.70481,0.72226,0.48021,0.86045,0.7819,0.84664,0.82268,0.86045,0.7819,0.84664,0.82268,0.9681,0.9681,0,12.5039,0.03058,1.104,0.40784,0.24825,9.07079e-05,9.07079e-05,9.07079e-05
165,5765.96,16.8703,0.11242,1.68371,0.72049,0.46678,0.85874,0.7817,0.84729,0.82415,0.85874,0.7817,0.84729,0.82415,0.96853,0.96853,0,12.496,0.0305,1.10176,0.40661,0.24772,8.93561e-05,8.93561e-05,8.93561e-05
166,5800.21,16.5744,0.10705,1.65749,0.70442,0.45895,0.8578,0.78054,0.84732,0.82424,0.8578,0.78054,0.84732,0.82424,0.968,0.968,0,12.4912,0.03045,1.10034,0.40566,0.24709,8.80091e-05,8.80091e-05,8.80091e-05
167,5832.14,16.7286,0.10788,1.68225,0.71336,0.47278,0.86288,0.77972,0.84638,0.82309,0.86288,0.77972,0.84638,0.82309,0.96895,0.96895,0,12.4832,0.03036,1.10073,0.40608,0.24721,8.66671e-05,8.66671e-05,8.66671e-05
168,5865.96,16.5492,0.10918,1.661,0.71182,0.46261,0.86193,0.77989,0.84745,0.82418,0.86193,0.77989,0.84745,0.82418,0.97047,0.97047,0,12.476,0.03026,1.09893,0.40514,0.24622,8.53303e-05,8.53303e-05,8.53303e-05
169,5900.41,16.7118,0.11195,1.69046,0.71963,0.4786,0.85725,0.78246,0.84866,0.82527,0.85725,0.78246,0.84866,0.82527,0.9694,0.9694,0,12.4671,0.03013,1.09951,0.40479,0.24622,8.39988e-05,8.39988e-05,8.39988e-05
170,5933.29,16.813,0.11166,1.67643,0.71146,0.47422,0.86158,0.78094,0.8488,0.82565,0.86158,0.78094,0.8488,0.82565,0.97169,0.97169,0,12.4621,0.03013,1.09785,0.40484,0.24642,8.26728e-05,8.26728e-05,8.26728e-05
171,5966.38,16.6986,0.10845,1.66935,0.70791,0.46501,0.86138,0.78124,0.84939,0.82568,0.86138,0.78124,0.84939,0.82568,0.97039,0.97039,0,12.4637,0.03012,1.09761,0.40521,0.24659,8.13525e-05,8.13525e-05,8.13525e-05
172,5999.85,16.529,0.10806,1.6552,0.69945,0.46359,0.86481,0.78141,0.84968,0.82638,0.86481,0.78141,0.84968,0.82638,0.97098,0.97098,0,12.4552,0.03006,1.09604,0.40473,0.24619,8.00381e-05,8.00381e-05,8.00381e-05
173,6033.48,16.7077,0.10967,1.66968,0.70664,0.47542,0.86268,0.7837,0.85101,0.82761,0.86268,0.7837,0.85101,0.82761,0.97189,0.97189,0,12.4499,0.03001,1.096,0.40432,0.24569,7.87297e-05,7.87297e-05,7.87297e-05
174,6066.66,16.5915,0.10959,1.65848,0.711,0.46279,0.86052,0.78439,0.85082,0.82755,0.86052,0.78439,0.85082,0.82755,0.9704,0.9704,0,12.4433,0.02992,1.09668,0.40469,0.24597,7.74275e-05,7.74275e-05,7.74275e-05
175,6099.82,16.5865,0.11143,1.65059,0.69489,0.45666,0.86709,0.78108,0.84988,0.82658,0.86709,0.78108,0.84988,0.82658,0.97031,0.97031,0,12.4465,0.02997,1.09609,0.4044,0.24568,7.61317e-05,7.61317e-05,7.61317e-05
176,6134.18,16.501,0.106,1.65901,0.69855,0.46018,0.86583,0.78115,0.849,0.82565,0.86583,0.78115,0.849,0.82565,0.9691,0.9691,0,12.4426,0.02991,1.09678,0.40365,0.24531,7.48424e-05,7.48424e-05,7.48424e-05
177,6166.64,16.673,0.10829,1.66668,0.71289,0.46407,0.86653,0.78056,0.84858,0.82523,0.86653,0.78056,0.84858,0.82523,0.96895,0.96895,0,12.442,0.02988,1.09819,0.40331,0.2451,7.35598e-05,7.35598e-05,7.35598e-05
178,6201.03,16.4763,0.10543,1.6363,0.69018,0.4595,0.86432,0.7811,0.84905,0.82588,0.86432,0.7811,0.84905,0.82588,0.97016,0.97016,0,12.4348,0.02981,1.09873,0.40322,0.24495,7.22841e-05,7.22841e-05,7.22841e-05
179,6234.29,16.4912,0.10839,1.6524,0.69753,0.45972,0.86039,0.78075,0.84794,0.82452,0.86039,0.78075,0.84794,0.82452,0.97049,0.97049,0,12.4395,0.02983,1.09917,0.40347,0.24507,7.10154e-05,7.10154e-05,7.10154e-05
180,6267.25,16.3867,0.1045,1.6195,0.68125,0.44847,0.85911,0.78162,0.84688,0.82361,0.85911,0.78162,0.84688,0.82361,0.97109,0.97109,0,12.4426,0.02982,1.10044,0.40428,0.24546,6.9754e-05,6.9754e-05,6.9754e-05
181,6302.48,16.4508,0.10788,1.65899,0.69612,0.46599,0.86152,0.78146,0.84746,0.8242,0.86152,0.78146,0.84746,0.8242,0.97071,0.97071,0,12.4437,0.0298,1.10005,0.40374,0.24549,6.84999e-05,6.84999e-05,6.84999e-05
182,6337.53,16.3664,0.10408,1.64098,0.68032,0.45907,0.86291,0.78102,0.84723,0.82368,0.86291,0.78102,0.84723,0.82368,0.97077,0.97077,0,12.4425,0.02974,1.1001,0.40374,0.24567,6.72534e-05,6.72534e-05,6.72534e-05
183,6371.82,16.3696,0.10705,1.6372,0.67829,0.45478,0.86136,0.78138,0.84875,0.82526,0.86136,0.78138,0.84875,0.82526,0.97214,0.97214,0,12.449,0.02978,1.1019,0.40428,0.24627,6.60145e-05,6.60145e-05,6.60145e-05
184,6404.07,16.5566,0.10792,1.65258,0.68679,0.46208,0.86286,0.78201,0.84847,0.82516,0.86286,0.78201,0.84847,0.82516,0.97229,0.97229,0,12.4513,0.02971,1.104,0.40422,0.24631,6.47836e-05,6.47836e-05,6.47836e-05
185,6439.12,16.3807,0.10602,1.6337,0.68708,0.45502,0.86014,0.78227,0.8481,0.82492,0.86014,0.78227,0.8481,0.82492,0.97319,0.97319,0,12.4552,0.02974,1.10425,0.40417,0.24658,6.35606e-05,6.35606e-05,6.35606e-05
186,6475.02,16.5371,0.10954,1.66492,0.70341,0.47131,0.85693,0.78193,0.84786,0.82442,0.85693,0.78193,0.84786,0.82442,0.97269,0.97269,0,12.4548,0.02976,1.10342,0.40415,0.24666,6.23458e-05,6.23458e-05,6.23458e-05
187,6508.96,16.4233,0.10426,1.63181,0.69173,0.45092,0.85704,0.7841,0.84799,0.82438,0.85704,0.7841,0.84799,0.82438,0.97353,0.97353,0,12.4604,0.02972,1.10425,0.40429,0.24683,6.11394e-05,6.11394e-05,6.11394e-05
188,6544.22,16.2333,0.10349,1.62213,0.68266,0.4523,0.8573,0.78285,0.84842,0.82468,0.8573,0.78285,0.84842,0.82468,0.97291,0.97291,0,12.4567,0.02974,1.10312,0.40402,0.2469,5.99414e-05,5.99414e-05,5.99414e-05
189,6579.72,16.3646,0.10677,1.63349,0.68697,0.45606,0.85757,0.78529,0.84961,0.82611,0.85757,0.78529,0.84961,0.82611,0.97196,0.97196,0,12.4547,0.0297,1.10098,0.40369,0.24669,5.87521e-05,5.87521e-05,5.87521e-05
190,6615.2,16.3962,0.10604,1.63554,0.68322,0.45254,0.8567,0.78652,0.85082,0.82709,0.8567,0.78652,0.85082,0.82709,0.97232,0.97232,0,12.4395,0.02959,1.09712,0.40282,0.24642,5.75717e-05,5.75717e-05,5.75717e-05
191,6649.42,16.5112,0.10767,1.64831,0.69875,0.46462,0.8575,0.78781,0.85088,0.82739,0.8575,0.78781,0.85088,0.82739,0.97074,0.97074,0,12.4399,0.02962,1.09438,0.40275,0.24624,5.64002e-05,5.64002e-05,5.64002e-05
192,6684.14,16.4795,0.10694,1.64434,0.69814,0.46103,0.85876,0.7893,0.85226,0.82856,0.85876,0.7893,0.85226,0.82856,0.97049,0.97049,0,12.4383,0.02961,1.09248,0.40249,0.24601,5.52378e-05,5.52378e-05,5.52378e-05
193,6716.88,16.4568,0.1086,1.63876,0.68619,0.46064,0.8586,0.78995,0.8524,0.82887,0.8586,0.78995,0.8524,0.82887,0.97028,0.97028,0,12.4409,0.0296,1.09185,0.40309,0.24613,5.40846e-05,5.40846e-05,5.40846e-05
194,6750.65,16.4191,0.1058,1.62347,0.66902,0.45557,0.85796,0.78899,0.85172,0.82851,0.85796,0.78899,0.85172,0.82851,0.97029,0.97029,0,12.4416,0.02961,1.08994,0.4031,0.24584,5.29409e-05,5.29409e-05,5.29409e-05
195,6784.31,16.2301,0.10195,1.60702,0.66914,0.44495,0.85762,0.79053,0.85211,0.82905,0.85762,0.79053,0.85211,0.82905,0.96964,0.96964,0,12.4393,0.02958,1.08838,0.4027,0.24551,5.18068e-05,5.18068e-05,5.18068e-05
196,6818.84,16.1947,0.10401,1.60296,0.67649,0.43793,0.85888,0.78967,0.85295,0.82951,0.85888,0.78967,0.85295,0.82951,0.96985,0.96985,0,12.4362,0.02951,1.08809,0.40277,0.24532,5.06823e-05,5.06823e-05,5.06823e-05
197,6853.72,16.4152,0.10943,1.64399,0.69421,0.46485,0.86063,0.78979,0.85389,0.83057,0.86063,0.78979,0.85389,0.83057,0.96891,0.96891,0,12.4348,0.02949,1.0876,0.40286,0.24533,4.95678e-05,4.95678e-05,4.95678e-05
198,6888.05,16.3084,0.10476,1.63419,0.68786,0.4565,0.86081,0.79004,0.85529,0.83142,0.86081,0.79004,0.85529,0.83142,0.96801,0.96801,0,12.4374,0.0295,1.08657,0.40329,0.24557,4.84632e-05,4.84632e-05,4.84632e-05
199,6921.63,16.267,0.1027,1.60169,0.67174,0.44681,0.85873,0.79061,0.8555,0.83171,0.85873,0.79061,0.8555,0.83171,0.969,0.969,0,12.4418,0.02954,1.08662,0.4035,0.24577,4.73688e-05,4.73688e-05,4.73688e-05
200,6953.81,16.1911,0.10293,1.61554,0.68337,0.45109,0.85773,0.79164,0.85635,0.83284,0.85773,0.79164,0.85635,0.83284,0.96811,0.96811,0,12.4461,0.02951,1.08647,0.40399,0.24595,4.62847e-05,4.62847e-05,4.62847e-05
201,7003.66,16.0399,0.07067,1.45938,0.64323,0.38369,0.85404,0.79004,0.85354,0.82979,0.85404,0.79004,0.85354,0.82979,0.96977,0.96977,0,12.4631,0.02956,1.08965,0.40524,0.24707,4.5211e-05,4.5211e-05,4.5211e-05
202,7036.88,15.403,0.06529,1.33013,0.54335,0.33367,0.85974,0.79146,0.85416,0.83075,0.85974,0.79146,0.85416,0.83075,0.97068,0.97068,0,12.4687,0.02957,1.09028,0.40582,0.24776,4.41479e-05,4.41479e-05,4.41479e-05
203,7074.6,15.4696,0.06845,1.32975,0.54776,0.33417,0.85739,0.79145,0.85389,0.82984,0.85739,0.79145,0.85389,0.82984,0.97148,0.97148,0,12.4572,0.02948,1.08843,0.40467,0.24652,4.30955e-05,4.30955e-05,4.30955e-05
204,7109.27,15.1934,0.06343,1.28652,0.52067,0.31871,0.85846,0.79225,0.8555,0.8313,0.85846,0.79225,0.8555,0.8313,0.97147,0.97147,0,12.4586,0.02946,1.08633,0.4041,0.24606,4.2054e-05,4.2054e-05,4.2054e-05
205,7146.18,14.9249,0.06161,1.27452,0.50796,0.30499,0.86037,0.79173,0.8561,0.83227,0.86037,0.79173,0.8561,0.83227,0.97198,0.97198,0,12.4502,0.02944,1.08364,0.40271,0.2453,4.10234e-05,4.10234e-05,4.10234e-05
206,7182.3,15.0856,0.06336,1.26056,0.49931,0.30596,0.86133,0.7926,0.85743,0.83371,0.86133,0.7926,0.85743,0.83371,0.97163,0.97163,0,12.4457,0.0294,1.08013,0.40152,0.24455,4.0004e-05,4.0004e-05,4.0004e-05
207,7215.8,14.9118,0.06136,1.23646,0.49247,0.29893,0.8623,0.79671,0.85954,0.83567,0.8623,0.79671,0.85954,0.83567,0.97084,0.97084,0,12.4454,0.0294,1.07744,0.40128,0.24416,3.89958e-05,3.89958e-05,3.89958e-05
208,7251.99,14.8983,0.06221,1.23844,0.49219,0.29929,0.86093,0.80009,0.8599,0.83633,0.86093,0.80009,0.8599,0.83633,0.97136,0.97136,0,12.4376,0.02932,1.0749,0.40064,0.24379,3.7999e-05,3.7999e-05,3.7999e-05
209,7288.08,14.9419,0.06196,1.25728,0.50502,0.30713,0.8596,0.80073,0.86015,0.83649,0.8596,0.80073,0.86015,0.83649,0.97101,0.97101,0,12.4337,0.02933,1.073,0.39994,0.24342,3.70138e-05,3.70138e-05,3.70138e-05
210,7324.44,14.942,0.06195,1.24268,0.50667,0.30141,0.86221,0.80146,0.86058,0.83723,0.86221,0.80146,0.86058,0.83723,0.97004,0.97004,0,12.4375,0.02936,1.07065,0.39909,0.24292,3.60401e-05,3.60401e-05,3.60401e-05
211,7358.36,14.8442,0.06208,1.23833,0.48951,0.29524,0.86441,0.80167,0.86145,0.83772,0.86441,0.80167,0.86145,0.83772,0.97,0.97,0,12.4341,0.02932,1.0686,0.39859,0.24262,3.50783e-05,3.50783e-05,3.50783e-05
212,7394.52,14.9308,0.06336,1.23914,0.49234,0.30494,0.86435,0.80311,0.86265,0.83876,0.86435,0.80311,0.86265,0.83876,0.9709,0.9709,0,12.4345,0.02932,1.06655,0.3981,0.24231,3.41283e-05,3.41283e-05,3.41283e-05
213,7430.03,14.888,0.06251,1.24717,0.50421,0.30628,0.86333,0.80475,0.86244,0.83858,0.86333,0.80475,0.86244,0.83858,0.97197,0.97197,0,12.4317,0.02924,1.06479,0.39801,0.24221,3.31904e-05,3.31904e-05,3.31904e-05
214,7465.45,15.0542,0.06468,1.25918,0.50509,0.3043,0.86619,0.80309,0.8629,0.83916,0.86619,0.80309,0.8629,0.83916,0.97104,0.97104,0,12.4305,0.02922,1.06313,0.39773,0.24191,3.22646e-05,3.22646e-05,3.22646e-05
215,7499.07,14.8653,0.06163,1.24028,0.48812,0.30566,0.8684,0.80279,0.86255,0.83902,0.8684,0.80279,0.86255,0.83902,0.97191,0.97191,0,12.4359,0.02924,1.06138,0.39731,0.24184,3.13511e-05,3.13511e-05,3.13511e-05
216,7533.99,14.7006,0.06094,1.21693,0.49027,0.29735,0.86862,0.80218,0.86265,0.83933,0.86862,0.80218,0.86265,0.83933,0.97227,0.97227,0,12.4317,0.02925,1.05918,0.3967,0.24139,3.045e-05,3.045e-05,3.045e-05
217,7570.48,14.7751,0.06228,1.22566,0.48313,0.29718,0.86895,0.80278,0.86246,0.83909,0.86895,0.80278,0.86246,0.83909,0.97128,0.97128,0,12.4292,0.02923,1.05767,0.39661,0.24122,2.95613e-05,2.95613e-05,2.95613e-05
218,7605.31,14.8586,0.06553,1.22309,0.4914,0.29207,0.87086,0.80239,0.86305,0.8397,0.87086,0.80239,0.86305,0.8397,0.97044,0.97044,0,12.4272,0.02922,1.05659,0.39658,0.24112,2.86853e-05,2.86853e-05,2.86853e-05
219,7639.83,14.758,0.06098,1.22476,0.47761,0.29936,0.87263,0.80066,0.8624,0.83906,0.87263,0.80066,0.8624,0.83906,0.96999,0.96999,0,12.4254,0.02922,1.05596,0.39707,0.24125,2.78221e-05,2.78221e-05,2.78221e-05
220,7676.83,14.7725,0.06351,1.23627,0.50626,0.30001,0.87238,0.80154,0.86191,0.83848,0.87238,0.80154,0.86191,0.83848,0.9691,0.9691,0,12.4277,0.02924,1.05498,0.39713,0.24105,2.69716e-05,2.69716e-05,2.69716e-05
221,7712.51,14.7105,0.06076,1.21743,0.47975,0.2918,0.85753,0.80981,0.86298,0.83952,0.85753,0.80981,0.86298,0.83952,0.96845,0.96845,0,12.4305,0.0292,1.05381,0.39716,0.24076,2.61341e-05,2.61341e-05,2.61341e-05
222,7748.8,14.6998,0.06064,1.22529,0.47183,0.30371,0.87391,0.79752,0.86138,0.83796,0.87391,0.79752,0.86138,0.83796,0.96814,0.96814,0,12.4345,0.02923,1.05342,0.39744,0.24093,2.53097e-05,2.53097e-05,2.53097e-05
223,7783.36,14.6576,0.06299,1.21648,0.48505,0.2889,0.87133,0.79801,0.86226,0.83857,0.87133,0.79801,0.86226,0.83857,0.96935,0.96935,0,12.4346,0.02926,1.0522,0.39757,0.24082,2.44985e-05,2.44985e-05,2.44985e-05
224,7817.05,14.6956,0.06552,1.21061,0.48751,0.29668,0.86409,0.80758,0.86329,0.84028,0.86409,0.80758,0.86329,0.84028,0.96982,0.96982,0,12.4391,0.02927,1.05161,0.39788,0.24093,2.37005e-05,2.37005e-05,2.37005e-05
225,7852.62,14.6909,0.06057,1.21464,0.47396,0.29688,0.85613,0.80982,0.86291,0.84017,0.85613,0.80982,0.86291,0.84017,0.96899,0.96899,0,12.4397,0.02928,1.05117,0.39806,0.24112,2.2916e-05,2.2916e-05,2.2916e-05
226,7888.94,14.7319,0.06604,1.21804,0.4859,0.29498,0.87017,0.80169,0.86388,0.84095,0.87017,0.80169,0.86388,0.84095,0.96973,0.96973,0,12.4339,0.0292,1.04897,0.39694,0.24016,2.21449e-05,2.21449e-05,2.21449e-05
227,7926.02,14.6853,0.06261,1.22402,0.48335,0.2972,0.87002,0.80248,0.86432,0.84132,0.87002,0.80248,0.86432,0.84132,0.96997,0.96997,0,12.4389,0.02927,1.04785,0.39676,0.23974,2.13874e-05,2.13874e-05,2.13874e-05
228,7961.89,14.6641,0.06118,1.20449,0.48112,0.2916,0.87112,0.80272,0.86379,0.84086,0.87112,0.80272,0.86379,0.84086,0.96938,0.96938,0,12.4343,0.02919,1.046,0.39581,0.2389,2.06436e-05,2.06436e-05,2.06436e-05
229,7997.07,14.6409,0.06255,1.19412,0.47453,0.28705,0.86933,0.80495,0.86457,0.84149,0.86933,0.80495,0.86457,0.84149,0.97036,0.97036,0,12.4376,0.02918,1.04429,0.39492,0.23796,1.99135e-05,1.99135e-05,1.99135e-05
230,8032.1,14.449,0.06073,1.19704,0.46977,0.28634,0.8684,0.80534,0.86395,0.84068,0.8684,0.80534,0.86395,0.84068,0.97006,0.97006,0,12.4422,0.0292,1.04307,0.39456,0.23757,1.91974e-05,1.91974e-05,1.91974e-05
231,8068.5,14.6648,0.06099,1.19741,0.47375,0.28705,0.86523,0.80853,0.86365,0.84069,0.86523,0.80853,0.86365,0.84069,0.97002,0.97002,0,12.4424,0.0292,1.04141,0.39405,0.23713,1.84952e-05,1.84952e-05,1.84952e-05
232,8103.67,14.6664,0.06178,1.21266,0.47274,0.28548,0.86635,0.80728,0.86551,0.84259,0.86635,0.80728,0.86551,0.84259,0.97057,0.97057,0,12.4403,0.02915,1.03965,0.3929,0.23615,1.7807e-05,1.7807e-05,1.7807e-05
233,8137.85,14.6324,0.06283,1.20623,0.47759,0.2944,0.8648,0.80842,0.86635,0.84359,0.8648,0.80842,0.86635,0.84359,0.97055,0.97055,0,12.4416,0.02917,1.03838,0.39238,0.23571,1.71331e-05,1.71331e-05,1.71331e-05
234,8172.82,14.5644,0.06326,1.20291,0.47637,0.29048,0.85997,0.81052,0.86697,0.84391,0.85997,0.81052,0.86697,0.84391,0.97078,0.97078,0,12.4366,0.02905,1.03647,0.39078,0.23467,1.64733e-05,1.64733e-05,1.64733e-05
235,8208.43,14.6118,0.06122,1.19205,0.47303,0.29027,0.86336,0.81198,0.86804,0.84504,0.86336,0.81198,0.86804,0.84504,0.97077,0.97077,0,12.4383,0.02904,1.03491,0.38945,0.23363,1.58279e-05,1.58279e-05,1.58279e-05
236,8242.04,14.5525,0.05965,1.20192,0.46891,0.28763,0.86351,0.81227,0.86765,0.84469,0.86351,0.81227,0.86765,0.84469,0.96985,0.96985,0,12.4322,0.02893,1.03394,0.38815,0.23276,1.51969e-05,1.51969e-05,1.51969e-05
237,8275.2,14.633,0.06205,1.19021,0.47137,0.28708,0.86425,0.81052,0.86746,0.84455,0.86425,0.81052,0.86746,0.84455,0.97011,0.97011,0,12.4349,0.02887,1.0335,0.38703,0.23191,1.45804e-05,1.45804e-05,1.45804e-05
238,8310.33,14.6477,0.06173,1.20797,0.47464,0.28879,0.86446,0.8076,0.86598,0.84324,0.86446,0.8076,0.86598,0.84324,0.96917,0.96917,0,12.4351,0.02882,1.03364,0.38586,0.23129,1.39785e-05,1.39785e-05,1.39785e-05
239,8345.05,14.5772,0.06199,1.19847,0.47216,0.28518,0.86195,0.80597,0.86565,0.84272,0.86195,0.80597,0.86565,0.84272,0.97001,0.97001,0,12.4382,0.0288,1.03345,0.3851,0.23078,1.33912e-05,1.33912e-05,1.33912e-05
240,8381.2,14.7104,0.065,1.20018,0.48737,0.29663,0.85169,0.81048,0.86455,0.84203,0.85169,0.81048,0.86455,0.84203,0.97129,0.97129,0,12.4441,0.02877,1.03447,0.38432,0.2304,1.28187e-05,1.28187e-05,1.28187e-05
241,8415.94,14.5599,0.06332,1.20607,0.47263,0.29311,0.85201,0.81007,0.86399,0.84141,0.85201,0.81007,0.86399,0.84141,0.97252,0.97252,0,12.4526,0.02879,1.03589,0.38345,0.22997,1.22609e-05,1.22609e-05,1.22609e-05
242,8448.41,14.6634,0.06344,1.20443,0.47875,0.29131,0.85391,0.80775,0.86312,0.84047,0.85391,0.80775,0.86312,0.84047,0.9725,0.9725,0,12.4556,0.02877,1.03687,0.38288,0.22957,1.17181e-05,1.17181e-05,1.17181e-05
243,8484.08,14.644,0.0609,1.21311,0.48934,0.29513,0.85489,0.80553,0.86197,0.83942,0.85489,0.80553,0.86197,0.83942,0.97213,0.97213,0,12.4625,0.02877,1.03833,0.38229,0.22924,1.11902e-05,1.11902e-05,1.11902e-05
244,8516.65,14.6055,0.06161,1.19305,0.47217,0.28646,0.85881,0.80298,0.86071,0.83839,0.85881,0.80298,0.86071,0.83839,0.97118,0.97118,0,12.4662,0.02874,1.04028,0.38203,0.22913,1.06773e-05,1.06773e-05,1.06773e-05
