epoch,time,train/pose_loss,train/kobj_loss,train/cls_loss,train/color_loss,metrics/precision(B),metrics/recall(B),metrics/mAP50(B),metrics/mAP50-95(B),metrics/precision(P),metrics/recall(P),metrics/mAP50(P),metrics/mAP50-95(P),color_accuracy,val/pose_loss,val/kobj_loss,val/cls_loss,val/color_loss,lr/pg0,lr/pg1,lr/pg2
1,30.887,10.3234,1.70419,139.502,5.15273,0,0,0,0,0,0,0,0,0,6.63063,1.00328,38.0098,2.6123,0.088125,2.97619e-05,2.97619e-05
2,51.9076,9.14678,1.40712,11.3984,3.23108,0,0,0,0,0,0,0,0,0,6.69761,1.06695,3.37363,2.62549,0.0756562,6.10107e-05,6.10107e-05
3,72.4157,8.49439,1.25131,2.83504,2.1805,0,0,0,0,0,0,0,0,0,6.79514,1.10256,2.34154,3.74414,0.0631875,9.22545e-05,9.22545e-05
4,92.8741,7.89828,1.10162,2.36042,1.24413,0,0,0,0,0,0,0,0,0,6.71413,1.06678,2.54231,5.70898,0.0507187,0.00012349,0.00012349
5,112.728,7.29465,0.96831,2.08488,0.93572,0,0,0,0,0,0,0,0,0,5.9951,0.87924,2.33748,3.76074,0.03825,0.000154713,0.000154713
6,133.348,6.90494,0.88556,1.93265,0.76781,0,0,0,0,0,0,0,0,0,5.45569,0.71082,2.10898,3.38184,0.0257812,0.000185919,0.000185919
7,155.39,6.38619,0.78023,1.70818,0.52612,0,0,0,0,0,0,0,0,0,4.4147,0.52527,1.96954,2.78174,0.0133123,0.000217106,0.000217106
8,175.732,6.05328,0.71944,1.52438,0.49686,0.12534,0.00493,0.02796,0.01791,0.12534,0.00493,0.02796,0.01791,1,3.84289,0.41209,1.63195,1.26831,0.000843507,0.000248269,0.000248269
9,196.461,5.73673,0.65836,1.41737,0.43412,0.33379,0.04937,0.18571,0.16096,0.33379,0.04937,0.18571,0.16096,1,3.26614,0.31297,1.26305,0.175,0.000249681,0.000249681,0.000249681
10,217.289,5.37961,0.6044,1.33412,0.38409,0.38807,0.21524,0.27306,0.24196,0.38807,0.21524,0.27306,0.24196,1,2.99198,0.26112,1.09457,0.08523,0.000249596,0.000249596,0.000249596
11,237.468,5.21359,0.57544,1.32161,0.37932,0.35863,0.23606,0.26812,0.21173,0.35863,0.23606,0.26812,0.21173,1,2.81568,0.22977,1.00678,0.07188,0.000249502,0.000249502,0.000249502
12,258.444,4.92941,0.52995,1.18285,0.30299,0.28559,0.40363,0.28158,0.23837,0.28559,0.40363,0.28158,0.23837,0.9976,2.52952,0.18646,0.93657,0.05779,0.000249397,0.000249397,0.000249397
13,279.339,4.81774,0.51017,1.15299,0.28509,0.29866,0.32807,0.27446,0.24728,0.29866,0.32807,0.27446,0.24728,1,2.48396,0.17779,0.89324,0.03825,0.000249283,0.000249283,0.000249283
14,300.084,4.6993,0.49615,1.17452,0.32586,0.30557,0.53717,0.39525,0.32527,0.30557,0.53717,0.39525,0.32527,1,2.23153,0.15173,0.78847,0.03376,0.000249158,0.000249158,0.000249158
15,320.881,4.40602,0.44574,1.12834,0.25759,0.34768,0.47204,0.36332,0.3227,0.34768,0.47204,0.36332,0.3227,1,2.15973,0.13784,0.76124,0.05897,0.000249024,0.000249024,0.000249024
16,341.597,4.29385,0.43251,1.04065,0.22946,0.33293,0.51003,0.36285,0.32772,0.33293,0.51003,0.36285,0.32772,0.99378,2.23068,0.16588,0.76056,0.06737,0.00024888,0.00024888,0.00024888
17,362.032,4.19457,0.42687,1.02617,0.18517,0.39908,0.57488,0.4816,0.43339,0.39908,0.57488,0.4816,0.43339,1,2.06638,0.12808,0.7248,0.03892,0.000248726,0.000248726,0.000248726
18,382.403,3.99339,0.38595,1.01262,0.1969,0.44351,0.52917,0.48364,0.41878,0.44351,0.52917,0.48364,0.41878,1,1.94274,0.12092,0.69864,0.04775,0.000248562,0.000248562,0.000248562
19,404.001,3.87362,0.37896,0.93619,0.22344,0.50656,0.52141,0.51828,0.46748,0.50656,0.52141,0.51828,0.46748,1,1.71661,0.10017,0.65201,0.02315,0.000248388,0.000248388,0.000248388
20,425.811,3.8965,0.3819,0.95933,0.21588,0.47925,0.55702,0.50355,0.46124,0.47925,0.55702,0.50355,0.46124,0.99683,1.77443,0.1089,0.64643,0.02687,0.000248205,0.000248205,0.000248205
21,447.06,3.71724,0.35866,0.91706,0.14988,0.39448,0.70287,0.56401,0.5214,0.39448,0.70287,0.56401,0.5214,0.99565,1.69002,0.08887,0.59062,0.01794,0.000248011,0.000248011,0.000248011
22,468.142,3.53987,0.32214,0.84337,0.17278,0.50743,0.63311,0.59637,0.54713,0.50743,0.63311,0.59637,0.54713,1,1.53572,0.08469,0.55645,0.01808,0.000247808,0.000247808,0.000247808
23,489.522,3.48398,0.31802,0.84329,0.16586,0.46606,0.68058,0.60961,0.55773,0.46606,0.68058,0.60961,0.55773,0.99696,1.55137,0.08434,0.5709,0.02851,0.000247595,0.000247595,0.000247595
24,511.299,3.43593,0.31765,0.80822,0.15451,0.45911,0.63038,0.56065,0.51113,0.45911,0.63038,0.56065,0.51113,1,1.9044,0.14814,0.65612,0.05286,0.000247372,0.000247372,0.000247372
25,531.706,3.33377,0.3036,0.79222,0.16665,0.55773,0.70261,0.66162,0.61555,0.55773,0.70261,0.66162,0.61555,1,1.44698,0.08013,0.52368,0.01538,0.00024714,0.00024714,0.00024714
26,552.84,3.2228,0.28907,0.73754,0.14589,0.53065,0.73789,0.70956,0.64857,0.53065,0.73789,0.70956,0.64857,1,1.43231,0.07168,0.49279,0.02982,0.000246897,0.000246897,0.000246897
27,574.573,3.32882,0.30653,0.7296,0.17792,0.54141,0.72118,0.69632,0.64533,0.54141,0.72118,0.69632,0.64533,1,1.36414,0.06977,0.4978,0.01461,0.000246645,0.000246645,0.000246645
28,595.909,3.35095,0.31774,0.74568,0.14766,0.61785,0.67942,0.7261,0.68066,0.61785,0.67942,0.7261,0.68066,1,1.39744,0.06574,0.46761,0.01819,0.000246384,0.000246384,0.000246384
29,618.617,3.12381,0.27895,0.72023,0.15551,0.71459,0.66993,0.73617,0.67193,0.71459,0.66993,0.73617,0.67193,0.99838,1.32222,0.0671,0.4552,0.01142,0.000246112,0.000246112,0.000246112
30,639.95,3.21531,0.29151,0.68049,0.16471,0.62591,0.7217,0.74211,0.67689,0.62591,0.7217,0.74211,0.67689,1,1.33229,0.06169,0.43375,0.02024,0.000245831,0.000245831,0.000245831
31,660.612,3.13786,0.27501,0.66922,0.1428,0.64887,0.74776,0.76765,0.72159,0.64887,0.74776,0.76765,0.72159,1,1.214,0.0541,0.40428,0.01133,0.00024554,0.00024554,0.00024554
32,681.01,2.96414,0.25703,0.6448,0.10952,0.65672,0.69016,0.74734,0.70104,0.65672,0.69016,0.74734,0.70104,1,1.24611,0.05968,0.49754,0.0141,0.00024524,0.00024524,0.00024524
33,702.662,3.07442,0.27062,0.66649,0.11468,0.66718,0.66601,0.74163,0.69668,0.66718,0.66601,0.74163,0.69668,1,1.37008,0.09382,0.53909,0.02123,0.00024493,0.00024493,0.00024493
34,725.558,2.95113,0.24614,0.63093,0.14899,0.73417,0.73257,0.81595,0.76039,0.73417,0.73257,0.81595,0.76039,1,1.20958,0.05755,0.37799,0.0153,0.000244611,0.000244611,0.000244611
35,746.886,2.89205,0.24098,0.6123,0.10875,0.74591,0.73251,0.82316,0.77578,0.74591,0.73251,0.82316,0.77578,0.99623,1.10591,0.04723,0.35538,0.02223,0.000244282,0.000244282,0.000244282
36,767.58,2.92993,0.25438,0.60722,0.14916,0.70962,0.78401,0.81556,0.77468,0.70962,0.78401,0.81556,0.77468,0.99827,1.09412,0.04527,0.35481,0.01889,0.000243943,0.000243943,0.000243943
37,789.046,2.85957,0.24855,0.57764,0.12596,0.72729,0.78401,0.82947,0.79022,0.72729,0.78401,0.82947,0.79022,1,1.11303,0.04012,0.3407,0.01441,0.000243595,0.000243595,0.000243595
38,810.318,2.73471,0.23069,0.56171,0.10025,0.76545,0.81727,0.84112,0.80862,0.76545,0.81727,0.84112,0.80862,1,1.05447,0.03979,0.31052,0.01599,0.000243238,0.000243238,0.000243238
39,831.004,2.87199,0.24212,0.59094,0.12542,0.74811,0.78859,0.85633,0.82081,0.74811,0.78859,0.85633,0.82081,1,1.05697,0.03943,0.30911,0.01205,0.000242871,0.000242871,0.000242871
40,851.05,2.71649,0.2235,0.55804,0.15161,0.68419,0.78812,0.84159,0.80112,0.68419,0.78812,0.84159,0.80112,0.9983,1.09622,0.03648,0.33029,0.01975,0.000242495,0.000242495,0.000242495
41,871.775,2.77413,0.22389,0.56994,0.09034,0.75425,0.76892,0.8513,0.81622,0.75425,0.76892,0.8513,0.81622,1,1.03348,0.03908,0.36076,0.02823,0.000242109,0.000242109,0.000242109
42,892.173,2.66259,0.21578,0.55299,0.12345,0.79259,0.75973,0.8635,0.82929,0.79259,0.75973,0.8635,0.82929,1,0.99868,0.03892,0.33833,0.01675,0.000241714,0.000241714,0.000241714
43,913.389,2.60385,0.20626,0.49989,0.11306,0.78818,0.77763,0.86909,0.84396,0.78818,0.77763,0.86909,0.84396,1,0.94635,0.0345,0.29244,0.01681,0.00024131,0.00024131,0.00024131
44,934.013,2.56457,0.20245,0.5044,0.08021,0.80049,0.78787,0.87999,0.84614,0.80049,0.78787,0.87999,0.84614,0.99798,0.94744,0.03538,0.30518,0.02351,0.000240896,0.000240896,0.000240896
45,954.397,2.48012,0.19144,0.50485,0.08958,0.79452,0.8326,0.89523,0.86558,0.79452,0.8326,0.89523,0.86558,1,0.90643,0.03545,0.28488,0.01678,0.000240474,0.000240474,0.000240474
46,974.767,2.54538,0.20816,0.50736,0.11333,0.78468,0.81829,0.88416,0.85177,0.78468,0.81829,0.88416,0.85177,1,0.89107,0.03098,0.28811,0.02339,0.000240042,0.000240042,0.000240042
47,994.432,2.4314,0.18645,0.44498,0.07962,0.7793,0.82791,0.89485,0.869,0.7793,0.82791,0.89485,0.869,0.99806,0.90141,0.03008,0.25616,0.01331,0.0002396,0.0002396,0.0002396
48,1014.96,2.54586,0.204,0.47159,0.08699,0.78186,0.86355,0.89693,0.86439,0.78186,0.86355,0.89693,0.86439,1,0.96487,0.03341,0.28191,0.01877,0.00023915,0.00023915,0.00023915
49,1035.82,2.48844,0.20285,0.48267,0.11166,0.80219,0.82603,0.90037,0.86278,0.80219,0.82603,0.90037,0.86278,1,0.92504,0.0304,0.29903,0.0163,0.000238691,0.000238691,0.000238691
50,1056.07,2.36624,0.17561,0.47573,0.08207,0.77751,0.79147,0.86567,0.84269,0.77751,0.79147,0.86567,0.84269,1,0.84976,0.02904,0.33771,0.01686,0.000238222,0.000238222,0.000238222
51,1077.28,2.41041,0.18623,0.43878,0.10474,0.82668,0.84411,0.9109,0.88294,0.82668,0.84411,0.9109,0.88294,0.998,0.88985,0.02339,0.26218,0.01925,0.000237745,0.000237745,0.000237745
52,1098.57,2.32077,0.17307,0.43809,0.09434,0.76649,0.85043,0.8902,0.86024,0.76649,0.85043,0.8902,0.86024,1,0.85335,0.02372,0.2861,0.01465,0.000237258,0.000237258,0.000237258
53,1118.22,2.32469,0.17394,0.42863,0.09926,0.83528,0.87844,0.93369,0.90763,0.83528,0.87844,0.93369,0.90763,1,0.9396,0.02296,0.22538,0.01859,0.000236763,0.000236763,0.000236763
54,1138.59,2.40458,0.18486,0.41608,0.08801,0.82267,0.86819,0.92659,0.90393,0.82267,0.86819,0.92659,0.90393,1,0.82494,0.02309,0.24312,0.02127,0.000236259,0.000236259,0.000236259
55,1159.02,2.39725,0.19132,0.43641,0.11855,0.81233,0.83887,0.89818,0.86619,0.81233,0.83887,0.89818,0.86619,0.99539,0.92619,0.03557,0.3006,0.03236,0.000235746,0.000235746,0.000235746
56,1179.52,2.2683,0.17141,0.43362,0.09225,0.83315,0.90166,0.93525,0.90724,0.83315,0.90166,0.93525,0.90724,1,0.80561,0.02348,0.23503,0.01921,0.000235224,0.000235224,0.000235224
57,1201.18,2.23681,0.16447,0.40838,0.08105,0.82995,0.84806,0.93061,0.90669,0.82995,0.84806,0.93061,0.90669,0.99772,0.829,0.02095,0.23398,0.01979,0.000234693,0.000234693,0.000234693
58,1223.49,2.27803,0.17363,0.41465,0.09792,0.79023,0.88134,0.9235,0.89737,0.79023,0.88134,0.9235,0.89737,0.99798,0.83354,0.02162,0.24005,0.02324,0.000234153,0.000234153,0.000234153
59,1244.72,2.2875,0.16501,0.3941,0.07653,0.83513,0.88306,0.92074,0.89522,0.83513,0.88306,0.92074,0.89522,0.99546,0.80617,0.02002,0.24429,0.01952,0.000233605,0.000233605,0.000233605
60,1265.34,2.35597,0.17653,0.43726,0.09954,0.86021,0.90129,0.93995,0.91796,0.86021,0.90129,0.93995,0.91796,1,0.79137,0.01916,0.2085,0.02066,0.000233048,0.000233048,0.000233048
61,1285.9,2.08974,0.14544,0.38986,0.06645,0.80397,0.90771,0.93669,0.91554,0.80397,0.90771,0.93669,0.91554,0.99574,0.74881,0.02168,0.21421,0.02421,0.000232483,0.000232483,0.000232483
62,1306.04,2.23453,0.16511,0.41154,0.06959,0.83659,0.88103,0.93491,0.90984,0.83659,0.88103,0.93491,0.90984,0.99154,0.75666,0.01856,0.21107,0.04813,0.000231909,0.000231909,0.000231909
63,1326.18,2.23052,0.17198,0.40061,0.11371,0.86118,0.90036,0.94055,0.9156,0.86118,0.90036,0.94055,0.9156,1,0.76567,0.02114,0.21061,0.022,0.000231327,0.000231327,0.000231327
64,1346.23,2.13892,0.14815,0.38053,0.06827,0.88396,0.89468,0.94292,0.92507,0.88396,0.89468,0.94292,0.92507,0.99532,0.75848,0.01769,0.20333,0.02295,0.000230736,0.000230736,0.000230736
65,1366.85,2.14887,0.15389,0.36571,0.07131,0.86337,0.8906,0.93781,0.91364,0.86337,0.8906,0.93781,0.91364,0.99526,0.74273,0.02027,0.20691,0.02595,0.000230136,0.000230136,0.000230136
66,1387.07,2.11669,0.15126,0.36594,0.06421,0.86018,0.90045,0.93226,0.9155,0.86018,0.90045,0.93226,0.9155,0.99119,0.80125,0.0175,0.21404,0.03962,0.000229528,0.000229528,0.000229528
67,1407.63,2.13096,0.15603,0.37623,0.07012,0.82103,0.89818,0.93491,0.91595,0.82103,0.89818,0.93491,0.91595,1,0.7387,0.01596,0.2226,0.01788,0.000228912,0.000228912,0.000228912
68,1429.63,2.09078,0.15407,0.36489,0.05871,0.86193,0.92441,0.94901,0.93293,0.86193,0.92441,0.94901,0.93293,1,0.72774,0.01672,0.16872,0.01902,0.000228288,0.000228288,0.000228288
69,1450.48,2.12027,0.16152,0.35414,0.06128,0.82662,0.93624,0.94822,0.92543,0.82662,0.93624,0.94822,0.92543,0.99779,0.7549,0.01841,0.18245,0.01503,0.000227655,0.000227655,0.000227655
70,1472.76,2.09979,0.15103,0.36979,0.08147,0.82185,0.85242,0.92001,0.90308,0.82185,0.85242,0.92001,0.90308,0.99542,0.74495,0.01795,0.25477,0.02177,0.000227015,0.000227015,0.000227015
71,1494.55,2.0959,0.14929,0.37111,0.08363,0.85731,0.89629,0.95275,0.92969,0.85731,0.89629,0.95275,0.92969,0.9977,0.72718,0.0159,0.18931,0.02016,0.000226366,0.000226366,0.000226366
72,1515.04,2.07106,0.14516,0.33682,0.08507,0.84609,0.87982,0.94089,0.91981,0.84609,0.87982,0.94089,0.91981,0.99526,0.76374,0.02052,0.24417,0.01378,0.000225709,0.000225709,0.000225709
73,1536.18,2.08353,0.14804,0.34168,0.08396,0.88804,0.93257,0.96731,0.94654,0.88804,0.93257,0.96731,0.94654,1,0.70141,0.01719,0.15689,0.02083,0.000225044,0.000225044,0.000225044
74,1556.93,2.04344,0.14587,0.38289,0.10017,0.89633,0.91647,0.95691,0.94119,0.89633,0.91647,0.95691,0.94119,1,0.71621,0.01627,0.18457,0.02141,0.000224371,0.000224371,0.000224371
75,1578.77,2.01792,0.14098,0.33557,0.06383,0.87303,0.90864,0.95022,0.93597,0.87303,0.90864,0.95022,0.93597,0.99755,0.72348,0.01731,0.2003,0.02556,0.00022369,0.00022369,0.00022369
76,1599.82,1.99392,0.13678,0.32992,0.04815,0.87713,0.91805,0.95588,0.93964,0.87713,0.91805,0.95588,0.93964,0.99294,0.73619,0.0153,0.17724,0.02631,0.000223002,0.000223002,0.000223002
77,1620.64,2.03928,0.14475,0.34725,0.0797,0.87652,0.89251,0.93902,0.92327,0.87652,0.89251,0.93902,0.92327,1,0.70041,0.01533,0.2202,0.02262,0.000222305,0.000222305,0.000222305
78,1641.43,1.89692,0.12801,0.30803,0.0433,0.86074,0.90445,0.96044,0.94213,0.86074,0.90445,0.96044,0.94213,1,0.73048,0.01886,0.18702,0.0199,0.000221601,0.000221601,0.000221601
79,1662.72,1.97371,0.15141,0.32787,0.07716,0.85295,0.90251,0.93676,0.91855,0.85295,0.90251,0.93676,0.91855,1,0.71495,0.01469,0.23665,0.03584,0.000220889,0.000220889,0.000220889
80,1684.88,2.03,0.14476,0.31206,0.07569,0.88141,0.94001,0.96525,0.95163,0.88141,0.94001,0.96525,0.95163,0.99263,0.67243,0.01524,0.16104,0.02295,0.00022017,0.00022017,0.00022017
81,1706.36,1.93302,0.13873,0.31498,0.09516,0.86882,0.91601,0.96165,0.95039,0.86882,0.91601,0.96165,0.95039,0.99531,0.68672,0.0156,0.17476,0.01996,0.000219443,0.000219443,0.000219443
82,1728.45,1.93469,0.13651,0.33544,0.09128,0.87886,0.93041,0.96406,0.95038,0.87886,0.93041,0.96406,0.95038,0.99761,0.66199,0.01519,0.16554,0.02236,0.000218708,0.000218708,0.000218708
83,1749.92,1.93132,0.13746,0.30962,0.05289,0.8712,0.93118,0.95986,0.94572,0.8712,0.93118,0.95986,0.94572,1,0.6469,0.01436,0.1619,0.04686,0.000217966,0.000217966,0.000217966
84,1772.08,1.93634,0.13324,0.32262,0.05385,0.90984,0.91677,0.95925,0.94674,0.90984,0.91677,0.95925,0.94674,1,0.61648,0.01202,0.17019,0.02302,0.000217217,0.000217217,0.000217217
85,1793.7,1.82277,0.11897,0.3032,0.07118,0.90433,0.91277,0.95617,0.94289,0.90433,0.91277,0.95617,0.94289,0.99482,0.63113,0.01569,0.18238,0.02155,0.00021646,0.00021646,0.00021646
86,1814.23,2.02891,0.13385,0.32647,0.08193,0.89612,0.95649,0.97226,0.95737,0.89612,0.95649,0.97226,0.95737,1,0.62172,0.0133,0.1398,0.01768,0.000215696,0.000215696,0.000215696
87,1835.15,1.90171,0.13373,0.3073,0.07856,0.88978,0.9513,0.96592,0.94809,0.88978,0.9513,0.96592,0.94809,0.99761,0.62128,0.01415,0.15218,0.03164,0.000214925,0.000214925,0.000214925
88,1857.72,1.7529,0.11498,0.26253,0.06568,0.89802,0.94769,0.96912,0.94946,0.89802,0.94769,0.96912,0.94946,1,0.61092,0.01375,0.1425,0.01973,0.000214146,0.000214146,0.000214146
89,1879.05,1.84566,0.1225,0.3131,0.06939,0.90255,0.93713,0.96405,0.9493,0.90255,0.93713,0.96405,0.9493,0.99752,0.6421,0.01394,0.15829,0.02128,0.000213361,0.000213361,0.000213361
90,1899.99,1.77805,0.11324,0.29869,0.04123,0.90346,0.95659,0.97213,0.95696,0.90346,0.95659,0.97213,0.95696,0.99756,0.61799,0.01482,0.14113,0.01573,0.000212568,0.000212568,0.000212568
91,1920.46,1.77338,0.11367,0.299,0.05406,0.91001,0.94897,0.98034,0.96491,0.91001,0.94897,0.98034,0.96491,0.99231,0.61506,0.01388,0.1307,0.02712,0.000211769,0.000211769,0.000211769
92,1941.62,1.80469,0.11303,0.28765,0.06154,0.88899,0.94663,0.96869,0.9503,0.88899,0.94663,0.96869,0.9503,1,0.62834,0.01459,0.15295,0.02489,0.000210963,0.000210963,0.000210963
93,1962.43,1.78957,0.12282,0.29049,0.06881,0.89148,0.93674,0.96154,0.94459,0.89148,0.93674,0.96154,0.94459,1,0.62418,0.01566,0.15174,0.03038,0.00021015,0.00021015,0.00021015
94,1983.3,1.79992,0.12183,0.27706,0.04614,0.905,0.94294,0.97122,0.95889,0.905,0.94294,0.97122,0.95889,1,0.60528,0.0119,0.14314,0.02948,0.00020933,0.00020933,0.00020933
95,2003.23,1.87358,0.13268,0.27519,0.0738,0.8955,0.95205,0.96562,0.95228,0.8955,0.95205,0.96562,0.95228,0.99758,0.62416,0.01247,0.13935,0.0279,0.000208503,0.000208503,0.000208503
96,2023.88,1.77144,0.10909,0.28291,0.04186,0.90492,0.92641,0.9697,0.95594,0.90492,0.92641,0.9697,0.95594,0.98985,0.59822,0.01278,0.15518,0.04308,0.00020767,0.00020767,0.00020767
97,2043.79,1.82363,0.11962,0.28895,0.05634,0.90345,0.93467,0.95885,0.9446,0.90345,0.93467,0.95885,0.9446,1,0.58183,0.01297,0.15707,0.01091,0.00020683,0.00020683,0.00020683
98,2064.84,1.70878,0.11599,0.25785,0.07009,0.87071,0.96572,0.96542,0.95108,0.87071,0.96572,0.96542,0.95108,0.99765,0.57108,0.0121,0.14581,0.01741,0.000205984,0.000205984,0.000205984
99,2085.73,1.85917,0.12743,0.29574,0.08465,0.90267,0.9468,0.9762,0.9639,0.90267,0.9468,0.9762,0.9639,0.99752,0.59289,0.01186,0.13728,0.02634,0.000205131,0.000205131,0.000205131
100,2106.15,1.71963,0.11114,0.28708,0.06742,0.92373,0.94863,0.97703,0.96433,0.92373,0.94863,0.97703,0.96433,1,0.58072,0.01149,0.14038,0.02113,0.000204272,0.000204272,0.000204272
101,2128.39,1.73411,0.11897,0.26373,0.05534,0.92889,0.94667,0.96944,0.95793,0.92889,0.94667,0.96944,0.95793,1,0.61996,0.01114,0.14948,0.01518,0.000203407,0.000203407,0.000203407
102,2149.58,1.72976,0.11547,0.263,0.05499,0.92411,0.94189,0.97902,0.96745,0.92411,0.94189,0.97902,0.96745,0.99751,0.58781,0.0122,0.13161,0.02903,0.000202535,0.000202535,0.000202535
103,2170.7,1.70964,0.11257,0.25652,0.05802,0.90827,0.94328,0.97362,0.95981,0.90827,0.94328,0.97362,0.95981,0.99491,0.57315,0.01213,0.13927,0.02819,0.000201658,0.000201658,0.000201658
104,2191.72,1.76248,0.11881,0.27099,0.04471,0.92548,0.94736,0.97951,0.96763,0.92548,0.94736,0.97951,0.96763,0.99495,0.58684,0.01476,0.13801,0.02636,0.000200774,0.000200774,0.000200774
105,2212.33,1.74308,0.12115,0.26585,0.06057,0.90034,0.9348,0.96806,0.95955,0.90034,0.9348,0.96806,0.95955,1,0.56339,0.01168,0.17023,0.01967,0.000199884,0.000199884,0.000199884
106,2232.98,1.71511,0.11093,0.27452,0.07998,0.91866,0.95499,0.9736,0.96138,0.91866,0.95499,0.9736,0.96138,1,0.592,0.0116,0.12981,0.02061,0.000198988,0.000198988,0.000198988
107,2255.14,1.59235,0.09521,0.25698,0.03434,0.91704,0.95676,0.97816,0.96893,0.91704,0.95676,0.97816,0.96893,0.99737,0.54817,0.01077,0.12968,0.01788,0.000198087,0.000198087,0.000198087
108,2276.02,1.66241,0.10587,0.25338,0.05607,0.92018,0.94496,0.9722,0.96279,0.92018,0.94496,0.9722,0.96279,1,0.6081,0.01059,0.1268,0.02058,0.00019718,0.00019718,0.00019718
109,2296.33,1.69295,0.10655,0.27502,0.0763,0.9177,0.95314,0.97489,0.96456,0.9177,0.95314,0.97489,0.96456,1,0.60795,0.01076,0.12989,0.02342,0.000196266,0.000196266,0.000196266
110,2316.48,1.6371,0.10889,0.25563,0.05823,0.90701,0.94618,0.97362,0.96368,0.90701,0.94618,0.97362,0.96368,0.99479,0.5712,0.01155,0.14918,0.03724,0.000195348,0.000195348,0.000195348
111,2337.2,1.61752,0.09842,0.24401,0.05088,0.9221,0.93337,0.97309,0.96285,0.9221,0.93337,0.97309,0.96285,1,0.57386,0.0111,0.14488,0.02302,0.000194424,0.000194424,0.000194424
112,2357.78,1.61024,0.10188,0.24163,0.0467,0.92548,0.96208,0.98171,0.97304,0.92548,0.96208,0.98171,0.97304,1,0.52904,0.01006,0.12212,0.01639,0.000193494,0.000193494,0.000193494
113,2379.16,1.6425,0.10463,0.25071,0.05439,0.89597,0.94777,0.97248,0.96316,0.89597,0.94777,0.97248,0.96316,1,0.54743,0.01014,0.12684,0.01643,0.000192559,0.000192559,0.000192559
114,2399.39,1.66367,0.10164,0.25359,0.04517,0.91152,0.94579,0.97455,0.96651,0.91152,0.94579,0.97455,0.96651,0.99747,0.55595,0.01111,0.14321,0.00776,0.000191618,0.000191618,0.000191618
115,2419.35,1.62151,0.1073,0.23916,0.05015,0.91537,0.95986,0.97657,0.9679,0.91537,0.95986,0.97657,0.9679,1,0.52096,0.01021,0.12046,0.0204,0.000190672,0.000190672,0.000190672
116,2439.22,1.71895,0.11035,0.26301,0.0571,0.92984,0.95146,0.98082,0.97387,0.92984,0.95146,0.98082,0.97387,0.99469,0.54646,0.00974,0.11803,0.03116,0.000189721,0.000189721,0.000189721
117,2460.26,1.61635,0.10026,0.22949,0.05058,0.92093,0.9647,0.98315,0.97614,0.92093,0.9647,0.98315,0.97614,0.99741,0.52362,0.00962,0.11034,0.02261,0.000188765,0.000188765,0.000188765
118,2481,1.57882,0.1044,0.23969,0.04178,0.93056,0.9621,0.98264,0.97056,0.93056,0.9621,0.98264,0.97056,0.9974,0.51603,0.01036,0.11811,0.02605,0.000187804,0.000187804,0.000187804
119,2501.98,1.6219,0.09798,0.2604,0.06526,0.92319,0.95568,0.97714,0.96983,0.92319,0.95568,0.97714,0.96983,0.99213,0.52627,0.00992,0.12159,0.02746,0.000186838,0.000186838,0.000186838
120,2522.59,1.62847,0.10919,0.26998,0.05605,0.90914,0.96011,0.9826,0.97397,0.90914,0.96011,0.9826,0.97397,0.99217,0.4958,0.00931,0.11488,0.04165,0.000185867,0.000185867,0.000185867
121,2542.88,1.57082,0.09893,0.22808,0.05747,0.93321,0.96393,0.97704,0.96878,0.93321,0.96393,0.97704,0.96878,1,0.54917,0.00898,0.12173,0.01562,0.000184891,0.000184891,0.000184891
122,2564.11,1.55963,0.0972,0.23377,0.03891,0.9204,0.95836,0.97461,0.96609,0.9204,0.95836,0.97461,0.96609,1,0.51603,0.00972,0.12013,0.02091,0.000183911,0.000183911,0.000183911
123,2585.8,1.57294,0.09975,0.23559,0.03647,0.919,0.96002,0.97255,0.96254,0.919,0.96002,0.97255,0.96254,0.99229,0.53807,0.01004,0.1222,0.03875,0.000182926,0.000182926,0.000182926
124,2608.13,1.54809,0.09931,0.22655,0.04596,0.93102,0.94314,0.9732,0.96473,0.93102,0.94314,0.9732,0.96473,1,0.54983,0.00998,0.13929,0.01587,0.000181936,0.000181936,0.000181936
125,2629.04,1.59784,0.0991,0.23886,0.07397,0.91975,0.94647,0.97335,0.96305,0.91975,0.94647,0.97335,0.96305,0.99227,0.52744,0.00992,0.12359,0.03711,0.000180942,0.000180942,0.000180942
126,2650.34,1.63899,0.10547,0.2368,0.04397,0.91247,0.96581,0.98311,0.97329,0.91247,0.96581,0.98311,0.97329,1,0.5267,0.01033,0.11214,0.01325,0.000179943,0.000179943,0.000179943
127,2671.6,1.60617,0.10575,0.23583,0.06118,0.92877,0.96079,0.97975,0.97118,0.92877,0.96079,0.97975,0.97118,0.99217,0.50041,0.01066,0.10945,0.03936,0.00017894,0.00017894,0.00017894
128,2691.26,1.62023,0.1059,0.22715,0.04497,0.92544,0.94797,0.97603,0.96811,0.92544,0.94797,0.97603,0.96811,1,0.52616,0.00977,0.1225,0.02297,0.000177933,0.000177933,0.000177933
129,2711.64,1.57286,0.09796,0.22077,0.0418,0.93745,0.94814,0.9785,0.96955,0.93745,0.94814,0.9785,0.96955,0.99211,0.52899,0.00889,0.1257,0.04737,0.000176922,0.000176922,0.000176922
130,2733.16,1.57955,0.10406,0.2353,0.06781,0.92577,0.96219,0.9795,0.97229,0.92577,0.96219,0.9795,0.97229,1,0.51309,0.00834,0.11643,0.02329,0.000175906,0.000175906,0.000175906
131,2754.44,1.60164,0.10042,0.22637,0.03769,0.93557,0.95972,0.97915,0.97119,0.93557,0.95972,0.97915,0.97119,1,0.536,0.00805,0.12331,0.01907,0.000174887,0.000174887,0.000174887
132,2775.99,1.48923,0.08866,0.22342,0.02406,0.91608,0.96432,0.97511,0.9659,0.91608,0.96432,0.97511,0.9659,1,0.50334,0.01047,0.11222,0.0201,0.000173864,0.000173864,0.000173864
133,2796.81,1.45355,0.09142,0.23804,0.04505,0.93385,0.96275,0.98511,0.97562,0.93385,0.96275,0.98511,0.97562,0.99464,0.50488,0.00837,0.10692,0.03377,0.000172836,0.000172836,0.000172836
134,2818.08,1.58189,0.10834,0.23079,0.06558,0.94331,0.96977,0.98325,0.97326,0.94331,0.96977,0.98325,0.97326,0.98933,0.51211,0.00871,0.10252,0.06101,0.000171805,0.000171805,0.000171805
135,2838.9,1.59342,0.09864,0.23,0.05573,0.93466,0.9405,0.97504,0.9605,0.93466,0.9405,0.97504,0.9605,1,0.53664,0.01169,0.12487,0.03045,0.000170771,0.000170771,0.000170771
136,2858.69,1.54373,0.09729,0.2087,0.05072,0.92826,0.94932,0.97776,0.96873,0.92826,0.94932,0.97776,0.96873,1,0.5243,0.0117,0.11524,0.02991,0.000169733,0.000169733,0.000169733
137,2879.39,1.5846,0.10265,0.23126,0.0396,0.92764,0.96394,0.98581,0.97827,0.92764,0.96394,0.98581,0.97827,0.99474,0.50461,0.01137,0.11282,0.03864,0.000168691,0.000168691,0.000168691
138,2900.34,1.52707,0.0975,0.23259,0.02743,0.92577,0.9669,0.97656,0.9714,0.92577,0.9669,0.97656,0.9714,1,0.48079,0.01068,0.11167,0.02112,0.000167646,0.000167646,0.000167646
139,2922.01,1.51798,0.09794,0.22462,0.05618,0.91732,0.95778,0.9787,0.97186,0.91732,0.95778,0.9787,0.97186,1,0.48449,0.01214,0.09437,0.02236,0.000166597,0.000166597,0.000166597
140,2942.45,1.46474,0.08881,0.2126,0.04816,0.93807,0.96736,0.9841,0.97715,0.93807,0.96736,0.9841,0.97715,0.99482,0.4811,0.00871,0.09799,0.03688,0.000165546,0.000165546,0.000165546
141,2962.34,1.48984,0.09034,0.21156,0.03481,0.92109,0.96031,0.97367,0.96188,0.92109,0.96031,0.97367,0.96188,1,0.50076,0.01099,0.10514,0.02844,0.000164491,0.000164491,0.000164491
142,2983.19,1.4725,0.09133,0.21342,0.05305,0.93673,0.96395,0.98204,0.97475,0.93673,0.96395,0.98204,0.97475,0.99464,0.52035,0.0131,0.10618,0.02887,0.000163433,0.000163433,0.000163433
143,3003.32,1.49494,0.09376,0.21496,0.03466,0.95076,0.9704,0.98237,0.97731,0.95076,0.9704,0.98237,0.97731,1,0.46767,0.00849,0.11089,0.0179,0.000162372,0.000162372,0.000162372
144,3023.56,1.45308,0.09354,0.22619,0.064,0.94167,0.96275,0.98023,0.97169,0.94167,0.96275,0.98023,0.97169,0.99733,0.45847,0.00816,0.10033,0.01844,0.000161308,0.000161308,0.000161308
145,3045.24,1.45417,0.07988,0.21439,0.04857,0.92286,0.97254,0.98686,0.97695,0.92286,0.97254,0.98686,0.97695,0.99482,0.47609,0.00779,0.10045,0.02174,0.000160241,0.000160241,0.000160241
146,3066.71,1.47123,0.09179,0.22031,0.05354,0.94111,0.96897,0.98473,0.97865,0.94111,0.96897,0.98473,0.97865,0.99472,0.46754,0.00749,0.09846,0.02569,0.000159172,0.000159172,0.000159172
147,3087.49,1.46326,0.09162,0.2053,0.03317,0.93855,0.96674,0.98316,0.97771,0.93855,0.96674,0.98316,0.97771,1,0.46829,0.00785,0.09743,0.01035,0.0001581,0.0001581,0.0001581
148,3109.06,1.42807,0.08354,0.217,0.03774,0.94377,0.96578,0.98123,0.97343,0.94377,0.96578,0.98123,0.97343,1,0.46219,0.00826,0.10668,0.02258,0.000157025,0.000157025,0.000157025
149,3130.78,1.46762,0.09165,0.22115,0.03671,0.94285,0.96416,0.984,0.97896,0.94285,0.96416,0.984,0.97896,0.99728,0.45004,0.00728,0.10364,0.0207,0.000155948,0.000155948,0.000155948
150,3152.24,1.48468,0.09498,0.22712,0.05769,0.9416,0.96716,0.98321,0.97658,0.9416,0.96716,0.98321,0.97658,0.99475,0.4463,0.00663,0.09569,0.03675,0.000154869,0.000154869,0.000154869
151,3172.15,1.4733,0.09076,0.21449,0.03317,0.91639,0.96919,0.98376,0.97753,0.91639,0.96919,0.98376,0.97753,0.99472,0.47817,0.00769,0.10388,0.02491,0.000153787,0.000153787,0.000153787
152,3193.16,1.48968,0.08827,0.2206,0.0536,0.92689,0.97128,0.983,0.9778,0.92689,0.97128,0.983,0.9778,0.99465,0.44823,0.00738,0.10268,0.03252,0.000152703,0.000152703,0.000152703
153,3213.57,1.51173,0.09572,0.22049,0.05616,0.9337,0.95772,0.98043,0.97503,0.9337,0.95772,0.98043,0.97503,1,0.47868,0.00969,0.10304,0.0166,0.000151617,0.000151617,0.000151617
154,3233.54,1.42934,0.08243,0.1974,0.04168,0.92564,0.97268,0.98073,0.97271,0.92564,0.97268,0.98073,0.97271,1,0.46932,0.0104,0.09631,0.01925,0.000150529,0.000150529,0.000150529
155,3254.42,1.39086,0.08525,0.21415,0.0488,0.94711,0.96531,0.98881,0.98093,0.94711,0.96531,0.98881,0.98093,1,0.45044,0.00816,0.09296,0.01841,0.000149438,0.000149438,0.000149438
156,3274.56,1.38158,0.08706,0.20335,0.04218,0.94283,0.95865,0.9846,0.97816,0.94283,0.95865,0.9846,0.97816,0.9973,0.45902,0.00767,0.0918,0.01888,0.000148346,0.000148346,0.000148346
157,3294.81,1.35648,0.07879,0.19563,0.0358,0.94504,0.95604,0.98433,0.97779,0.94504,0.95604,0.98433,0.97779,0.99735,0.4446,0.00928,0.0986,0.02322,0.000147253,0.000147253,0.000147253
158,3315.07,1.35371,0.07992,0.19749,0.0346,0.92956,0.96449,0.98054,0.97303,0.92956,0.96449,0.98054,0.97303,0.99731,0.46749,0.00829,0.10316,0.01543,0.000146157,0.000146157,0.000146157
159,3336.14,1.43377,0.08436,0.21051,0.04908,0.93288,0.969,0.98202,0.97699,0.93288,0.969,0.98202,0.97699,0.99468,0.44151,0.00661,0.10676,0.02857,0.00014506,0.00014506,0.00014506
160,3357.92,1.42914,0.08732,0.21437,0.03672,0.94295,0.96719,0.98406,0.97644,0.94295,0.96719,0.98406,0.97644,0.99467,0.44076,0.00852,0.10236,0.03327,0.000143961,0.000143961,0.000143961
161,3379.1,1.39775,0.07697,0.1997,0.03662,0.9408,0.96695,0.98255,0.97664,0.9408,0.96695,0.98255,0.97664,0.9973,0.45635,0.0083,0.09319,0.02284,0.000142861,0.000142861,0.000142861
162,3399.33,1.44059,0.09114,0.20122,0.04303,0.95048,0.97148,0.97757,0.96919,0.95048,0.97148,0.97757,0.96919,0.9973,0.44698,0.00935,0.10593,0.01736,0.00014176,0.00014176,0.00014176
163,3420.15,1.44041,0.09069,0.1976,0.02657,0.94825,0.96323,0.98418,0.97814,0.94825,0.96323,0.98418,0.97814,0.99729,0.45137,0.01048,0.0976,0.01499,0.000140657,0.000140657,0.000140657
164,3440.47,1.42546,0.09167,0.20396,0.04953,0.93301,0.96449,0.98274,0.97515,0.93301,0.96449,0.98274,0.97515,0.99732,0.46838,0.01099,0.10368,0.02737,0.000139554,0.000139554,0.000139554
165,3461.57,1.42661,0.09226,0.20825,0.05895,0.94087,0.96718,0.98539,0.97812,0.94087,0.96718,0.98539,0.97812,1,0.43086,0.00937,0.09982,0.01667,0.000138449,0.000138449,0.000138449
166,3482.42,1.34767,0.08659,0.21839,0.05043,0.94599,0.96667,0.98197,0.97583,0.94599,0.96667,0.98197,0.97583,1,0.44514,0.00992,0.105,0.01262,0.000137343,0.000137343,0.000137343
167,3502.98,1.35817,0.08471,0.20632,0.053,0.95185,0.97337,0.98394,0.97835,0.95185,0.97337,0.98394,0.97835,1,0.4384,0.00705,0.09889,0.02102,0.000136236,0.000136236,0.000136236
168,3524.68,1.44634,0.08987,0.21084,0.06358,0.93676,0.96424,0.97653,0.97032,0.93676,0.96424,0.97653,0.97032,0.99733,0.43721,0.00957,0.1079,0.02113,0.000135129,0.000135129,0.000135129
169,3545.62,1.34204,0.0801,0.19364,0.04597,0.93462,0.97163,0.9827,0.97604,0.93462,0.97163,0.9827,0.97604,0.99738,0.41426,0.00826,0.10025,0.01483,0.00013402,0.00013402,0.00013402
170,3566.98,1.38293,0.07928,0.20097,0.0339,0.94687,0.96853,0.98335,0.9784,0.94687,0.96853,0.98335,0.9784,1,0.43305,0.00769,0.09205,0.01326,0.000132911,0.000132911,0.000132911
171,3587.4,1.44087,0.08944,0.18196,0.0485,0.94968,0.96879,0.98461,0.97868,0.94968,0.96879,0.98461,0.97868,0.99458,0.43356,0.00651,0.09065,0.03038,0.000131802,0.000131802,0.000131802
172,3609.09,1.39531,0.08785,0.19779,0.03154,0.94539,0.96742,0.98505,0.97875,0.94539,0.96742,0.98505,0.97875,0.9973,0.42223,0.00717,0.08909,0.01631,0.000130692,0.000130692,0.000130692
173,3629.01,1.44581,0.09355,0.20384,0.0564,0.94034,0.9711,0.98334,0.97782,0.94034,0.9711,0.98334,0.97782,0.99469,0.41285,0.00735,0.09361,0.03526,0.000129582,0.000129582,0.000129582
174,3650.46,1.43599,0.08586,0.21448,0.03748,0.93962,0.97637,0.98232,0.97516,0.93962,0.97637,0.98232,0.97516,0.99475,0.40791,0.00766,0.09271,0.02671,0.000128471,0.000128471,0.000128471
175,3670.76,1.31393,0.07544,0.17894,0.03363,0.94397,0.96581,0.98482,0.98102,0.94397,0.96581,0.98482,0.98102,1,0.40531,0.00539,0.10329,0.01446,0.000127361,0.000127361,0.000127361
176,3690.79,1.36136,0.07938,0.18097,0.03648,0.946,0.96576,0.98409,0.9797,0.946,0.96576,0.98409,0.9797,0.99729,0.40985,0.008,0.09407,0.01107,0.00012625,0.00012625,0.00012625
177,3711.04,1.36215,0.08137,0.20168,0.03345,0.95241,0.97464,0.98503,0.97876,0.95241,0.97464,0.98503,0.97876,0.99464,0.40791,0.008,0.09029,0.02269,0.000125139,0.000125139,0.000125139
178,3731.8,1.35788,0.08453,0.17854,0.03785,0.9473,0.96322,0.98387,0.97899,0.9473,0.96322,0.98387,0.97899,0.99448,0.41315,0.00942,0.0952,0.02003,0.000124029,0.000124029,0.000124029
179,3752.86,1.34945,0.08083,0.19621,0.04651,0.94921,0.96873,0.98355,0.97885,0.94921,0.96873,0.98355,0.97885,0.99728,0.40496,0.00703,0.08857,0.02009,0.000122918,0.000122918,0.000122918
180,3774.7,1.31663,0.07388,0.18169,0.04671,0.9415,0.96553,0.98244,0.97761,0.9415,0.96553,0.98244,0.97761,0.9973,0.41135,0.00559,0.09472,0.02017,0.000121808,0.000121808,0.000121808
181,3796.07,1.35213,0.07938,0.2053,0.05775,0.9425,0.96581,0.98275,0.97791,0.9425,0.96581,0.98275,0.97791,0.9973,0.40562,0.00568,0.0999,0.02603,0.000120698,0.000120698,0.000120698
182,3816.79,1.3037,0.07206,0.19288,0.04816,0.94191,0.97434,0.98777,0.98223,0.94191,0.97434,0.98777,0.98223,0.99198,0.40537,0.00892,0.08499,0.05295,0.000119589,0.000119589,0.000119589
183,3837.58,1.38958,0.08121,0.18262,0.03674,0.93763,0.9733,0.98333,0.97817,0.93763,0.9733,0.98333,0.97817,0.99733,0.41505,0.00629,0.10149,0.01434,0.00011848,0.00011848,0.00011848
184,3859.13,1.40354,0.08429,0.20379,0.047,0.9414,0.97289,0.98212,0.97633,0.9414,0.97289,0.98212,0.97633,0.99467,0.41783,0.00842,0.09646,0.02141,0.000117371,0.000117371,0.000117371
185,3879.88,1.35958,0.08047,0.1931,0.0355,0.94278,0.9707,0.9827,0.97838,0.94278,0.9707,0.9827,0.97838,0.99458,0.4175,0.00838,0.0968,0.02256,0.000116264,0.000116264,0.000116264
186,3900.64,1.36605,0.0825,0.18355,0.04074,0.95016,0.9701,0.98102,0.97658,0.95016,0.9701,0.98102,0.97658,0.99462,0.40215,0.00869,0.09111,0.03692,0.000115157,0.000115157,0.000115157
187,3920.59,1.39161,0.08305,0.19553,0.04315,0.949,0.96586,0.98055,0.97664,0.949,0.96586,0.98055,0.97664,0.99725,0.39649,0.00896,0.0887,0.02495,0.000114051,0.000114051,0.000114051
188,3940.73,1.21788,0.07205,0.17735,0.0184,0.94911,0.96932,0.98236,0.97681,0.94911,0.96932,0.98236,0.97681,1,0.39316,0.00725,0.09175,0.01582,0.000112946,0.000112946,0.000112946
189,3961,1.28556,0.07284,0.19328,0.04831,0.94011,0.96743,0.98376,0.97715,0.94011,0.96743,0.98376,0.97715,0.99733,0.39799,0.00873,0.09907,0.0225,0.000111843,0.000111843,0.000111843
190,3981.81,1.29749,0.07446,0.18471,0.03317,0.94057,0.9694,0.98272,0.97517,0.94057,0.9694,0.98272,0.97517,0.99729,0.4184,0.00934,0.0887,0.0234,0.00011074,0.00011074,0.00011074
191,4002.73,1.28763,0.07477,0.1856,0.0235,0.94091,0.9673,0.98557,0.97995,0.94091,0.9673,0.98557,0.97995,0.9973,0.40209,0.00693,0.08805,0.01368,0.000109639,0.000109639,0.000109639
192,4022.47,1.32517,0.08429,0.1939,0.05415,0.94464,0.96529,0.97555,0.96993,0.94464,0.96529,0.97555,0.96993,0.99732,0.38499,0.006,0.09028,0.01551,0.000108539,0.000108539,0.000108539
193,4042.29,1.30299,0.07484,0.18712,0.04827,0.94656,0.97284,0.98523,0.97959,0.94656,0.97284,0.98523,0.97959,0.99731,0.38371,0.00745,0.09263,0.01959,0.00010744,0.00010744,0.00010744
194,4062.52,1.32586,0.07527,0.17713,0.02798,0.95387,0.97348,0.98657,0.98115,0.95387,0.97348,0.98657,0.98115,1,0.39883,0.00929,0.08489,0.01981,0.000106343,0.000106343,0.000106343
195,4082.69,1.29181,0.07988,0.19416,0.03967,0.95508,0.97227,0.98441,0.97898,0.95508,0.97227,0.98441,0.97898,1,0.38661,0.00748,0.08795,0.02487,0.000105247,0.000105247,0.000105247
196,4104.17,1.25853,0.06396,0.1749,0.02298,0.9588,0.96425,0.98207,0.97761,0.9588,0.96425,0.98207,0.97761,0.99728,0.38753,0.00589,0.09265,0.02962,0.000104154,0.000104154,0.000104154
197,4125.84,1.23309,0.07151,0.16251,0.04729,0.95421,0.96862,0.98063,0.9762,0.95421,0.96862,0.98063,0.9762,0.99726,0.39682,0.00578,0.09212,0.02608,0.000103062,0.000103062,0.000103062
198,4147.82,1.30951,0.07777,0.18233,0.03741,0.96426,0.97696,0.98503,0.97985,0.96426,0.97696,0.98503,0.97985,0.99727,0.38268,0.00669,0.08737,0.02887,0.000101971,0.000101971,0.000101971
199,4170,1.22943,0.0717,0.17512,0.02844,0.94728,0.96937,0.98119,0.97508,0.94728,0.96937,0.98119,0.97508,0.99729,0.38875,0.0063,0.08752,0.02275,0.000100883,0.000100883,0.000100883
200,4190.98,1.32358,0.08473,0.1819,0.03645,0.95064,0.96887,0.97963,0.97468,0.95064,0.96887,0.97963,0.97468,0.99452,0.38536,0.00708,0.08783,0.02488,9.97971e-05,9.97971e-05,9.97971e-05
201,4209.08,0.91134,0.03006,0.06411,0.00729,0.95377,0.96422,0.98271,0.97827,0.95377,0.96422,0.98271,0.97827,1,0.4142,0.00547,0.10039,0.01386,9.8713e-05,9.8713e-05,9.8713e-05
202,4224.67,0.95197,0.0317,0.05667,0.00283,0.94533,0.97215,0.9866,0.98256,0.94533,0.97215,0.9866,0.98256,0.99725,0.40899,0.00595,0.09018,0.02273,9.76312e-05,9.76312e-05,9.76312e-05
203,4240.83,0.8912,0.02797,0.05119,0.00331,0.94577,0.97198,0.98176,0.97706,0.94577,0.97198,0.98176,0.97706,1,0.40185,0.00592,0.09306,0.01094,9.65517e-05,9.65517e-05,9.65517e-05
204,4256.92,0.86998,0.03452,0.05353,0.01094,0.94175,0.97381,0.98479,0.98125,0.94175,0.97381,0.98479,0.98125,0.99729,0.3977,0.00616,0.09865,0.01083,9.54746e-05,9.54746e-05,9.54746e-05
205,4273.09,0.89341,0.03169,0.05025,0.00469,0.93562,0.97407,0.98355,0.97725,0.93562,0.97407,0.98355,0.97725,0.99457,0.40642,0.00611,0.09488,0.03503,9.44e-05,9.44e-05,9.44e-05
206,4288.59,0.77505,0.02538,0.04778,0.00205,0.94399,0.97438,0.9847,0.98097,0.94399,0.97438,0.9847,0.98097,1,0.37565,0.00598,0.09746,0.01666,9.33279e-05,9.33279e-05,9.33279e-05
207,4305.02,0.78493,0.02472,0.04942,0.00468,0.94773,0.97574,0.98672,0.9824,0.94773,0.97574,0.98672,0.9824,0.99464,0.38412,0.00711,0.09711,0.02253,9.22585e-05,9.22585e-05,9.22585e-05
208,4321.39,0.88008,0.03219,0.05021,0.00259,0.94648,0.97079,0.98441,0.98009,0.94648,0.97079,0.98441,0.98009,1,0.38091,0.00603,0.0933,0.01341,9.11919e-05,9.11919e-05,9.11919e-05
209,4337.39,0.88077,0.02427,0.04792,0.00322,0.94813,0.97351,0.98376,0.97948,0.94813,0.97351,0.98376,0.97948,0.99452,0.3847,0.00645,0.09886,0.02388,9.0128e-05,9.0128e-05,9.0128e-05
210,4353.7,0.84233,0.02986,0.04632,0.0035,0.94112,0.97528,0.98053,0.97645,0.94112,0.97528,0.98053,0.97645,0.99727,0.3794,0.00638,0.09484,0.02563,8.90671e-05,8.90671e-05,8.90671e-05
211,4369.75,0.81322,0.02834,0.0466,0.00136,0.95279,0.97597,0.98647,0.98261,0.95279,0.97597,0.98647,0.98261,0.99451,0.38588,0.00623,0.09332,0.02045,8.80091e-05,8.80091e-05,8.80091e-05
212,4386.65,0.86785,0.03909,0.04715,0.00401,0.94773,0.96952,0.98302,0.978,0.94773,0.96952,0.98302,0.978,0.99457,0.37523,0.00596,0.09923,0.02581,8.69543e-05,8.69543e-05,8.69543e-05
213,4403.07,0.84151,0.02977,0.04637,0.00932,0.95495,0.97099,0.98477,0.98039,0.95495,0.97099,0.98477,0.98039,0.99726,0.37116,0.00551,0.09385,0.01609,8.59026e-05,8.59026e-05,8.59026e-05
214,4419.31,0.86999,0.02876,0.0476,0.00639,0.95453,0.9748,0.98521,0.98174,0.95453,0.9748,0.98521,0.98174,0.99454,0.37117,0.00588,0.09067,0.03183,8.48542e-05,8.48542e-05,8.48542e-05
215,4435.9,0.85165,0.03627,0.04407,0.00229,0.9511,0.97349,0.98359,0.97896,0.9511,0.97349,0.98359,0.97896,0.99451,0.36702,0.00598,0.09173,0.04212,8.38091e-05,8.38091e-05,8.38091e-05
216,4451.85,0.80826,0.02681,0.04766,0.00291,0.94742,0.97355,0.98506,0.97974,0.94742,0.97355,0.98506,0.97974,1,0.37327,0.00617,0.09641,0.01537,8.27674e-05,8.27674e-05,8.27674e-05
217,4467.82,0.86381,0.03671,0.04556,0.00895,0.95743,0.97448,0.98583,0.98266,0.95743,0.97448,0.98583,0.98266,0.99727,0.38221,0.00733,0.08827,0.01182,8.17292e-05,8.17292e-05,8.17292e-05
218,4483.78,0.81177,0.02679,0.0466,0.00422,0.9473,0.97626,0.9854,0.98307,0.9473,0.97626,0.9854,0.98307,0.99724,0.37101,0.00763,0.08919,0.01364,8.06946e-05,8.06946e-05,8.06946e-05
219,4499.48,0.77507,0.02564,0.04495,0.00371,0.95661,0.97419,0.98533,0.98152,0.95661,0.97419,0.98533,0.98152,0.99444,0.36607,0.0075,0.08609,0.02864,7.96637e-05,7.96637e-05,7.96637e-05
220,4515.38,0.8222,0.03436,0.05033,0.00301,0.94921,0.974,0.98485,0.98035,0.94921,0.974,0.98485,0.98035,0.99451,0.36855,0.00801,0.09216,0.03646,7.86365e-05,7.86365e-05,7.86365e-05
221,4531.55,0.81959,0.03136,0.0441,0.0059,0.94961,0.97618,0.98584,0.98285,0.94961,0.97618,0.98584,0.98285,0.99449,0.36586,0.00822,0.09073,0.02196,7.76132e-05,7.76132e-05,7.76132e-05
222,4547.66,0.83711,0.03231,0.04851,0.00295,0.95443,0.97659,0.98539,0.97945,0.95443,0.97659,0.98539,0.97945,0.99448,0.36496,0.00862,0.08568,0.03256,7.65937e-05,7.65937e-05,7.65937e-05
223,4563.97,0.81103,0.03016,0.0459,0.00482,0.95539,0.9748,0.98666,0.98285,0.95539,0.9748,0.98666,0.98285,0.99722,0.3674,0.00898,0.08325,0.0192,7.55783e-05,7.55783e-05,7.55783e-05
224,4580.05,0.8074,0.02588,0.04539,0.00336,0.95392,0.97212,0.98605,0.98096,0.95392,0.97212,0.98605,0.98096,0.99725,0.37136,0.00839,0.08449,0.0164,7.4567e-05,7.4567e-05,7.4567e-05
225,4596.05,0.80482,0.03837,0.04538,0.00523,0.95654,0.97269,0.98584,0.98137,0.95654,0.97269,0.98584,0.98137,0.99725,0.37491,0.00822,0.0827,0.02002,7.35598e-05,7.35598e-05,7.35598e-05
226,4612.24,0.78972,0.03272,0.04142,0.00159,0.95924,0.97292,0.98707,0.98277,0.95924,0.97292,0.98707,0.98277,0.99449,0.36656,0.00821,0.08373,0.04934,7.25569e-05,7.25569e-05,7.25569e-05
227,4628.04,0.78176,0.03072,0.04322,0.00166,0.95562,0.97142,0.985,0.98054,0.95562,0.97142,0.985,0.98054,1,0.35644,0.00798,0.0879,0.01829,7.15583e-05,7.15583e-05,7.15583e-05
228,4644,0.74502,0.02709,0.04372,0.00195,0.95937,0.97215,0.98433,0.97936,0.95937,0.97215,0.98433,0.97936,0.99721,0.36802,0.0082,0.09082,0.02207,7.05641e-05,7.05641e-05,7.05641e-05
229,4660.71,0.79057,0.0305,0.04493,0.00119,0.96423,0.97215,0.98395,0.98008,0.96423,0.97215,0.98395,0.98008,0.9944,0.35941,0.00775,0.089,0.02472,6.95744e-05,6.95744e-05,6.95744e-05
230,4676.6,0.74983,0.02921,0.04517,0.00841,0.95725,0.9724,0.98387,0.9791,0.95725,0.9724,0.98387,0.9791,0.99721,0.35405,0.00709,0.08782,0.01738,6.85892e-05,6.85892e-05,6.85892e-05
231,4692.53,0.76686,0.02679,0.04457,0.00282,0.96537,0.97348,0.98559,0.98161,0.96537,0.97348,0.98559,0.98161,0.99441,0.36189,0.0057,0.09115,0.02177,6.76088e-05,6.76088e-05,6.76088e-05
232,4708.43,0.80131,0.03502,0.04409,0.00454,0.96227,0.97304,0.98631,0.98248,0.96227,0.97304,0.98631,0.98248,0.99725,0.3493,0.00632,0.08232,0.01748,6.6633e-05,6.6633e-05,6.6633e-05
233,4724.47,0.7359,0.03046,0.04096,0.00231,0.95371,0.97631,0.98504,0.98097,0.95371,0.97631,0.98504,0.98097,0.99728,0.3502,0.00657,0.08512,0.01807,6.5662e-05,6.5662e-05,6.5662e-05
234,4740.35,0.72911,0.02853,0.04388,0.00581,0.9688,0.9732,0.98506,0.98174,0.9688,0.9732,0.98506,0.98174,0.99721,0.34845,0.00648,0.0815,0.01518,6.46959e-05,6.46959e-05,6.46959e-05
235,4755.97,0.80015,0.02548,0.04763,0.00528,0.96116,0.97348,0.98567,0.98134,0.96116,0.97348,0.98567,0.98134,0.99721,0.35927,0.00766,0.08048,0.01665,6.37348e-05,6.37348e-05,6.37348e-05
236,4771.99,0.71971,0.02637,0.04573,0.0074,0.96511,0.9748,0.98623,0.98245,0.96511,0.9748,0.98623,0.98245,0.9944,0.37048,0.0083,0.08623,0.0333,6.27787e-05,6.27787e-05,6.27787e-05
237,4788.19,0.7621,0.02876,0.04375,0.0059,0.95655,0.97346,0.98373,0.97897,0.95655,0.97346,0.98373,0.97897,0.99171,0.36139,0.00852,0.08017,0.04096,6.18277e-05,6.18277e-05,6.18277e-05
238,4803.74,0.79211,0.03068,0.04518,0.0018,0.95363,0.97365,0.98753,0.98383,0.95363,0.97365,0.98753,0.98383,0.99446,0.36286,0.00883,0.08062,0.05062,6.0882e-05,6.0882e-05,6.0882e-05
239,4820.05,0.71688,0.02488,0.04389,0.00102,0.96353,0.97348,0.98498,0.98017,0.96353,0.97348,0.98498,0.98017,0.99721,0.3564,0.00878,0.08389,0.01882,5.99414e-05,5.99414e-05,5.99414e-05
240,4835.87,0.70081,0.02007,0.04025,0.00208,0.95174,0.97105,0.98591,0.98149,0.95174,0.97105,0.98591,0.98149,0.99721,0.35479,0.00864,0.08268,0.02636,5.90063e-05,5.90063e-05,5.90063e-05
241,4851.7,0.78417,0.02766,0.04495,0.00131,0.95232,0.97513,0.98528,0.98077,0.95232,0.97513,0.98528,0.98077,0.99724,0.36141,0.00847,0.0803,0.01831,5.80765e-05,5.80765e-05,5.80765e-05
242,4867.56,0.7046,0.02518,0.03953,0.00055,0.96175,0.97413,0.98548,0.9795,0.96175,0.97413,0.98548,0.9795,1,0.35324,0.00726,0.08254,0.0197,5.71522e-05,5.71522e-05,5.71522e-05
243,4883.48,0.74047,0.02534,0.04323,0.00234,0.95824,0.9766,0.98509,0.97932,0.95824,0.9766,0.98509,0.97932,0.99721,0.34877,0.00663,0.08129,0.0373,5.62335e-05,5.62335e-05,5.62335e-05
244,4899.37,0.66613,0.02642,0.04132,0.00242,0.96095,0.97547,0.98629,0.982,0.96095,0.97547,0.98629,0.982,0.99719,0.35508,0.00694,0.08019,0.03737,5.53205e-05,5.53205e-05,5.53205e-05
245,4914.97,0.71011,0.02447,0.04151,0.00174,0.95672,0.97544,0.98191,0.97714,0.95672,0.97544,0.98191,0.97714,0.99721,0.3427,0.00642,0.08008,0.02526,5.44131e-05,5.44131e-05,5.44131e-05
246,4931.02,0.70124,0.02403,0.04015,0.00169,0.95987,0.9748,0.98606,0.98174,0.95987,0.9748,0.98606,0.98174,1,0.3428,0.00599,0.08152,0.02071,5.35116e-05,5.35116e-05,5.35116e-05
247,4947.25,0.78646,0.03087,0.04395,0.00249,0.956,0.97222,0.98188,0.9764,0.956,0.97222,0.98188,0.9764,1,0.34227,0.00621,0.08398,0.02125,5.26159e-05,5.26159e-05,5.26159e-05
248,4963.24,0.77149,0.02935,0.04582,0.00431,0.96416,0.9716,0.98606,0.98252,0.96416,0.9716,0.98606,0.98252,1,0.34638,0.0062,0.08311,0.02279,5.17261e-05,5.17261e-05,5.17261e-05
249,4979.13,0.74641,0.02893,0.04083,0.00417,0.96417,0.97239,0.98622,0.98212,0.96417,0.97239,0.98622,0.98212,1,0.34858,0.00696,0.08131,0.01887,5.08424e-05,5.08424e-05,5.08424e-05
250,4995.72,0.69446,0.02389,0.04376,0.0013,0.95954,0.97381,0.98611,0.98255,0.95954,0.97381,0.98611,0.98255,0.9972,0.34274,0.00701,0.08223,0.02661,4.99647e-05,4.99647e-05,4.99647e-05
251,5011.94,0.70693,0.02762,0.03884,0.00025,0.95897,0.97675,0.98597,0.98302,0.95897,0.97675,0.98597,0.98302,0.99721,0.34752,0.00706,0.08367,0.03253,4.90931e-05,4.90931e-05,4.90931e-05
252,5028.54,0.75421,0.03066,0.04423,0.0018,0.96226,0.97282,0.98627,0.98245,0.96226,0.97282,0.98627,0.98245,1,0.3519,0.00742,0.08344,0.02142,4.82278e-05,4.82278e-05,4.82278e-05
253,5044.98,0.72837,0.02527,0.04439,0.00631,0.96163,0.97692,0.98616,0.98195,0.96163,0.97692,0.98616,0.98195,1,0.34877,0.00761,0.08493,0.01891,4.73688e-05,4.73688e-05,4.73688e-05
254,5060.9,0.72982,0.02901,0.04335,0.00106,0.96007,0.97388,0.986,0.98124,0.96007,0.97388,0.986,0.98124,1,0.34789,0.00816,0.08697,0.01886,4.65161e-05,4.65161e-05,4.65161e-05
255,5076.54,0.69251,0.01984,0.03959,0.00474,0.95637,0.97241,0.98538,0.98017,0.95637,0.97241,0.98538,0.98017,1,0.34582,0.00812,0.08647,0.01653,4.56698e-05,4.56698e-05,4.56698e-05
256,5092.46,0.70159,0.02132,0.04046,0.00112,0.96258,0.97285,0.98516,0.98028,0.96258,0.97285,0.98516,0.98028,1,0.34632,0.00754,0.08813,0.01827,4.48301e-05,4.48301e-05,4.48301e-05
257,5108.49,0.70019,0.02896,0.04003,0.00117,0.95502,0.97341,0.98591,0.98157,0.95502,0.97341,0.98591,0.98157,0.99723,0.33774,0.00679,0.08567,0.0215,4.39969e-05,4.39969e-05,4.39969e-05
258,5124.03,0.68601,0.02238,0.04009,0.00107,0.96392,0.97476,0.98611,0.98269,0.96392,0.97476,0.98611,0.98269,1,0.34192,0.00645,0.08323,0.01909,4.31703e-05,4.31703e-05,4.31703e-05
259,5139.87,0.69222,0.02362,0.04405,0.00112,0.9617,0.9747,0.98587,0.98185,0.9617,0.9747,0.98587,0.98185,1,0.3381,0.0071,0.08501,0.02041,4.23504e-05,4.23504e-05,4.23504e-05
260,5155.48,0.67059,0.02154,0.03823,0.00271,0.96209,0.9736,0.98404,0.9787,0.96209,0.9736,0.98404,0.9787,0.9972,0.35295,0.00818,0.08599,0.02533,4.15373e-05,4.15373e-05,4.15373e-05
261,5171.38,0.70839,0.03012,0.04175,0.00098,0.96703,0.97493,0.98412,0.9804,0.96703,0.97493,0.98412,0.9804,0.99719,0.34715,0.00804,0.08622,0.02368,4.0731e-05,4.0731e-05,4.0731e-05
262,5186.93,0.73156,0.02924,0.04004,0.00282,0.96678,0.97384,0.9863,0.98152,0.96678,0.97384,0.9863,0.98152,1,0.34473,0.0079,0.08478,0.01758,3.99316e-05,3.99316e-05,3.99316e-05
263,5202.99,0.71622,0.02744,0.04132,0.00321,0.96408,0.97381,0.98621,0.98232,0.96408,0.97381,0.98621,0.98232,1,0.34335,0.00728,0.08274,0.01999,3.91391e-05,3.91391e-05,3.91391e-05
264,5218.66,0.72402,0.028,0.0418,0.00388,0.96515,0.97368,0.98559,0.98123,0.96515,0.97368,0.98559,0.98123,1,0.34188,0.00754,0.08522,0.02346,3.83537e-05,3.83537e-05,3.83537e-05
265,5234.66,0.66952,0.02444,0.04161,0.00211,0.9664,0.97314,0.98575,0.98161,0.9664,0.97314,0.98575,0.98161,0.9972,0.34705,0.00781,0.0848,0.02978,3.75753e-05,3.75753e-05,3.75753e-05
266,5250.59,0.66725,0.02663,0.03941,0.00078,0.96802,0.97424,0.98546,0.98031,0.96802,0.97424,0.98546,0.98031,0.99719,0.34203,0.00762,0.08594,0.0316,3.68041e-05,3.68041e-05,3.68041e-05
267,5266.58,0.65279,0.02508,0.03986,0.00272,0.97191,0.9742,0.98589,0.98143,0.97191,0.9742,0.98589,0.98143,0.99718,0.33695,0.00751,0.08514,0.0297,3.60401e-05,3.60401e-05,3.60401e-05
268,5282.48,0.69312,0.02378,0.04206,0.00212,0.9652,0.976,0.98514,0.98064,0.9652,0.976,0.98514,0.98064,1,0.34141,0.00725,0.08384,0.02321,3.52834e-05,3.52834e-05,3.52834e-05
269,5298.73,0.70389,0.02335,0.04238,0.00134,0.96786,0.97566,0.98459,0.98066,0.96786,0.97566,0.98459,0.98066,1,0.3467,0.007,0.08498,0.02213,3.4534e-05,3.4534e-05,3.4534e-05
270,5314.64,0.66434,0.02495,0.03955,0.0007,0.96603,0.97553,0.9864,0.98214,0.96603,0.97553,0.9864,0.98214,0.9972,0.34726,0.00752,0.08329,0.02319,3.3792e-05,3.3792e-05,3.3792e-05
271,5330.14,0.68158,0.02243,0.04218,0.00183,0.96564,0.97487,0.98564,0.97979,0.96564,0.97487,0.98564,0.97979,0.99719,0.35215,0.00803,0.08236,0.02466,3.30574e-05,3.30574e-05,3.30574e-05
272,5345.63,0.66582,0.02511,0.04081,0.00205,0.96547,0.97455,0.98528,0.97845,0.96547,0.97455,0.98528,0.97845,1,0.35235,0.00813,0.08405,0.02647,3.23303e-05,3.23303e-05,3.23303e-05
273,5361.29,0.70705,0.02608,0.04055,0.00027,0.96479,0.97462,0.98515,0.97959,0.96479,0.97462,0.98515,0.97959,1,0.34441,0.00745,0.08498,0.02078,3.16109e-05,3.16109e-05,3.16109e-05
274,5377.37,0.68299,0.02495,0.04049,0.0025,0.96662,0.97555,0.98627,0.98216,0.96662,0.97555,0.98627,0.98216,1,0.3421,0.00675,0.08514,0.02109,3.0899e-05,3.0899e-05,3.0899e-05
275,5393.4,0.66823,0.02653,0.04001,0.00511,0.96717,0.97657,0.98422,0.97939,0.96717,0.97657,0.98422,0.97939,0.99718,0.33848,0.00603,0.08573,0.02916,3.01948e-05,3.01948e-05,3.01948e-05
276,5409.64,0.67259,0.02829,0.04032,0.002,0.9618,0.97349,0.98613,0.98353,0.9618,0.97349,0.98613,0.98353,0.99438,0.33586,0.00559,0.0836,0.02596,2.94984e-05,2.94984e-05,2.94984e-05
277,5425.63,0.63527,0.01853,0.04027,0.00175,0.96218,0.97484,0.98528,0.98043,0.96218,0.97484,0.98528,0.98043,0.99438,0.33858,0.00613,0.08225,0.02477,2.88097e-05,2.88097e-05,2.88097e-05
278,5441.09,0.66708,0.02554,0.0399,0.00141,0.96399,0.97739,0.98633,0.98175,0.96399,0.97739,0.98633,0.98175,0.99438,0.34078,0.00681,0.08256,0.02409,2.81289e-05,2.81289e-05,2.81289e-05
279,5456.6,0.64486,0.02705,0.03982,0.00468,0.96783,0.97699,0.98534,0.97957,0.96783,0.97699,0.98534,0.97957,0.99718,0.34127,0.0071,0.08259,0.02783,2.7456e-05,2.7456e-05,2.7456e-05
280,5472.4,0.70703,0.03037,0.04087,0.00068,0.96417,0.97763,0.98647,0.98197,0.96417,0.97763,0.98647,0.98197,0.99719,0.33814,0.00738,0.08212,0.0272,2.67911e-05,2.67911e-05,2.67911e-05
281,5488.36,0.67231,0.02472,0.0397,0.00332,0.96399,0.97761,0.98555,0.98212,0.96399,0.97761,0.98555,0.98212,0.9972,0.33718,0.00751,0.08218,0.0238,2.61341e-05,2.61341e-05,2.61341e-05
282,5504.13,0.664,0.02907,0.03839,0.00133,0.96428,0.97624,0.98645,0.98262,0.96428,0.97624,0.98645,0.98262,1,0.34174,0.00746,0.08085,0.02309,2.54853e-05,2.54853e-05,2.54853e-05
283,5519.91,0.6507,0.02271,0.0401,0.0007,0.96353,0.97494,0.98622,0.98198,0.96353,0.97494,0.98622,0.98198,1,0.33925,0.00766,0.08132,0.01904,2.48446e-05,2.48446e-05,2.48446e-05
284,5535.66,0.65793,0.02509,0.03666,0.00178,0.96481,0.97716,0.9844,0.98028,0.96481,0.97716,0.9844,0.98028,1,0.33915,0.00799,0.08257,0.0218,2.4212e-05,2.4212e-05,2.4212e-05
285,5551.45,0.66084,0.02379,0.04056,0.0011,0.96639,0.97557,0.9865,0.98272,0.96639,0.97557,0.9865,0.98272,0.99719,0.33858,0.00754,0.08282,0.02411,2.35876e-05,2.35876e-05,2.35876e-05
286,5567.39,0.66873,0.02205,0.04145,0.00114,0.96459,0.97454,0.98648,0.98319,0.96459,0.97454,0.98648,0.98319,0.99719,0.33784,0.00757,0.0822,0.02479,2.29716e-05,2.29716e-05,2.29716e-05
287,5583.57,0.6714,0.02752,0.03658,0.00116,0.96491,0.97525,0.98541,0.98068,0.96491,0.97525,0.98541,0.98068,0.99718,0.33867,0.00762,0.08205,0.02542,2.23638e-05,2.23638e-05,2.23638e-05
288,5599.58,0.65959,0.02403,0.03918,0.00173,0.96845,0.97552,0.98533,0.98176,0.96845,0.97552,0.98533,0.98176,1,0.33555,0.00749,0.0817,0.02414,2.17644e-05,2.17644e-05,2.17644e-05
